time,reference_point,iteration,ssid,bssid,channel,xr,yr,rssi_ap_digilab,rssi_ap_dosen,relative_position,time_numeric
2024-10-17 09:54:03.463157500+00:00,8,1,DTE Staff,3,11,529,1749,-69.0,-200.0,0,09:54:03.463157
2024-10-17 09:54:06.615076400+00:00,8,1,DTE Student,4,11,529,1749,-70.0,-200.0,0,09:54:06.615076
2024-10-17 09:54:22.079802900+00:00,8,2,DTE Student,4,11,529,1749,-68.0,-200.0,0,09:54:22.079802
2024-10-17 09:54:25.154440+00:00,8,2,DTE Staff,3,11,529,1749,-70.0,-200.0,0,09:54:25.154440
2024-10-17 09:54:40.508980+00:00,8,3,DTE Staff,3,11,529,1749,-70.0,-200.0,0,09:54:40.508980
2024-10-17 09:54:43.501077200+00:00,8,3,DTE Student,4,11,529,1749,-70.0,-200.0,0,09:54:43.501077
2024-10-17 09:54:59.551224800+00:00,8,4,DTE Student,4,11,529,1749,-69.0,-200.0,0,09:54:59.551224
2024-10-17 09:55:02.521613300+00:00,8,4,DTE Staff,3,11,529,1749,-69.0,-200.0,0,09:55:02.521613
2024-10-17 09:55:18.601417500+00:00,8,5,DTE Staff,3,11,529,1749,-65.0,-200.0,0,09:55:18.601417
2024-10-17 09:55:21.575438200+00:00,8,5,DTE Student,4,11,529,1749,-65.0,-200.0,0,09:55:21.575438
2024-10-17 09:55:37.017453100+00:00,8,6,DTE Student,4,11,529,1749,-69.0,-200.0,0,09:55:37.017453
2024-10-17 09:55:39.931770400+00:00,8,6,DTE Staff,3,11,529,1749,-71.0,-200.0,0,09:55:39.931770
2024-10-17 09:55:55.688819400+00:00,8,7,DTE Student,4,11,529,1749,-68.0,-200.0,0,09:55:55.688819
2024-10-17 09:55:58.774106600+00:00,8,7,DTE Staff,3,11,529,1749,-68.0,-200.0,0,09:55:58.774106
2024-10-17 09:56:14.209035900+00:00,8,8,DTE Student,4,11,529,1749,-67.0,-200.0,0,09:56:14.209035
2024-10-17 09:56:17.278276200+00:00,8,8,DTE Staff,3,11,529,1749,-69.0,-200.0,0,09:56:17.278276
2024-10-17 09:56:32.853301100+00:00,8,9,DTE Staff,3,11,529,1749,-67.0,-200.0,0,09:56:32.853301
2024-10-17 09:56:35.920038900+00:00,8,9,DTE Student,4,11,529,1749,-68.0,-200.0,0,09:56:35.920038
2024-10-17 09:56:51.691415600+00:00,8,10,DTE Staff,3,11,529,1749,-70.0,-200.0,0,09:56:51.691415
2024-10-17 09:56:54.657490800+00:00,8,10,DTE Student,4,11,529,1749,-70.0,-200.0,0,09:56:54.657490
2024-10-17 09:57:12.471909200+00:00,8,11,DTE Student,4,11,529,1749,-64.0,-200.0,0,09:57:12.471909
2024-10-17 09:57:13.191773200+00:00,8,11,DTE Staff,3,11,529,1749,-64.0,-200.0,0,09:57:13.191773
2024-10-17 09:57:28.662999300+00:00,8,12,DTE Staff,3,11,529,1749,-69.0,-200.0,0,09:57:28.662999
2024-10-17 09:57:31.825922+00:00,8,12,DTE Student,4,11,529,1749,-69.0,-200.0,0,09:57:31.825922
2024-10-17 09:57:47.085590900+00:00,8,13,DTE Student,4,11,529,1749,-68.0,-200.0,0,09:57:47.085590
2024-10-17 09:57:50.159182+00:00,8,13,DTE Staff,3,11,529,1749,-68.0,-200.0,0,09:57:50.159182
2024-10-17 09:58:05.536223100+00:00,8,14,DTE Student,4,11,529,1749,-71.0,-200.0,0,09:58:05.536223
2024-10-17 09:58:08.589859600+00:00,8,14,DTE Staff,3,11,529,1749,-71.0,-200.0,0,09:58:08.589859
2024-10-17 09:58:26.099687500+00:00,8,15,DTE Student,4,11,529,1749,-67.0,-200.0,0,09:58:26.099687
2024-10-17 09:58:27.045740500+00:00,8,15,DTE Staff,3,11,529,1749,-67.0,-200.0,0,09:58:27.045740
2024-10-17 09:58:43.319334300+00:00,8,16,DTE Student,4,11,529,1749,-69.0,-200.0,0,09:58:43.319334
2024-10-17 09:58:46.401022800+00:00,8,16,DTE Staff,3,11,529,1749,-70.0,-200.0,0,09:58:46.401022
2024-10-17 09:59:02.143094100+00:00,8,17,DTE Staff,3,11,529,1749,-68.0,-200.0,0,09:59:02.143094
2024-10-17 09:59:05.214941700+00:00,8,17,DTE Student,4,11,529,1749,-69.0,-200.0,0,09:59:05.214941
2024-10-17 09:59:20.887188900+00:00,8,18,DTE Student,4,11,529,1749,-65.0,-200.0,0,09:59:20.887188
2024-10-17 09:59:23.852475900+00:00,8,18,DTE Staff,3,11,529,1749,-65.0,-200.0,0,09:59:23.852475
2024-10-17 09:59:39.523252900+00:00,8,19,DTE Staff,3,11,529,1749,-66.0,-200.0,0,09:59:39.523252
2024-10-17 09:59:42.490628200+00:00,8,19,DTE Student,4,11,529,1749,-67.0,-200.0,0,09:59:42.490628
2024-10-17 09:59:57.914834500+00:00,8,20,DTE Staff,3,11,529,1749,-71.0,-200.0,0,09:59:57.914834
2024-10-17 10:00:00.955102100+00:00,8,20,DTE Student,4,11,529,1749,-72.0,-200.0,0,10:00:00.955102
2024-10-17 10:29:09.307917700+00:00,30,1,DTE Student,4,11,989,1202,-46.0,-200.0,1,10:29:09.307917
2024-10-17 10:29:12.482997700+00:00,30,1,DTE Staff,3,11,989,1202,-46.0,-200.0,1,10:29:12.482997
2024-10-17 10:29:15.357144400+00:00,30,1,DTE Staff,1,1,989,1202,-200.0,-91.0,1,10:29:15.357144
2024-10-17 10:29:18.323163600+00:00,30,1,DTE Staff,2,1,989,1202,-200.0,-91.0,1,10:29:18.323163
2024-10-17 10:29:34.198883600+00:00,30,2,DTE Staff,3,11,989,1202,-41.0,-200.0,1,10:29:34.198883
2024-10-17 10:29:37.369628700+00:00,30,2,DTE Student,4,11,989,1202,-42.0,-200.0,1,10:29:37.369628
2024-10-17 10:29:40.236638200+00:00,30,2,DTE Staff,2,1,989,1202,-200.0,-89.0,1,10:29:40.236638
2024-10-17 10:29:43.308002100+00:00,30,2,DTE Staff,1,1,989,1202,-200.0,-91.0,1,10:29:43.308002
2024-10-17 10:29:58.664694700+00:00,30,3,DTE Staff,3,11,989,1202,-41.0,-200.0,1,10:29:58.664694
2024-10-17 10:30:01.639395100+00:00,30,3,DTE Student,4,11,989,1202,-42.0,-200.0,1,10:30:01.639395
2024-10-17 10:30:04.622204100+00:00,30,3,DTE Staff,1,1,989,1202,-200.0,-89.0,1,10:30:04.622204
2024-10-17 10:30:07.679562400+00:00,30,3,DTE Staff,2,1,989,1202,-200.0,-91.0,1,10:30:07.679562
2024-10-17 10:30:23.346186200+00:00,30,4,DTE Student,4,11,989,1202,-42.0,-200.0,1,10:30:23.346186
2024-10-17 10:30:26.317919800+00:00,30,4,DTE Staff,3,11,989,1202,-43.0,-200.0,1,10:30:26.317919
2024-10-17 10:30:29.328439200+00:00,30,4,DTE Staff,1,1,989,1202,-200.0,-91.0,1,10:30:29.328439
2024-10-17 10:30:32.334693500+00:00,30,4,DTE Staff,2,1,989,1202,-200.0,-92.0,1,10:30:32.334693
2024-10-17 10:30:47.884072800+00:00,30,5,DTE Student,4,11,989,1202,-41.0,-200.0,1,10:30:47.884072
2024-10-17 10:30:50.897295100+00:00,30,5,DTE Staff,3,11,989,1202,-41.0,-200.0,1,10:30:50.897295
2024-10-17 10:30:53.963543200+00:00,30,5,DTE Staff,1,1,989,1202,-200.0,-90.0,1,10:30:53.963543
2024-10-17 10:30:57.037608600+00:00,30,5,DTE Staff,2,1,989,1202,-200.0,-91.0,1,10:30:57.037608
2024-10-17 10:31:12.921557800+00:00,30,6,DTE Student,4,11,989,1202,-41.0,-200.0,1,10:31:12.921557
2024-10-17 10:31:15.907614500+00:00,30,6,DTE Staff,3,11,989,1202,-42.0,-200.0,1,10:31:15.907614
2024-10-17 10:31:18.950469600+00:00,30,6,DTE Staff,1,1,989,1202,-200.0,-89.0,1,10:31:18.950469
2024-10-17 10:31:22.024779700+00:00,30,6,DTE Staff,2,1,989,1202,-200.0,-90.0,1,10:31:22.024779
2024-10-17 10:31:37.383357800+00:00,30,7,DTE Student,4,11,989,1202,-42.0,-200.0,1,10:31:37.383357
2024-10-17 10:31:40.560084100+00:00,30,7,DTE Staff,3,11,989,1202,-42.0,-200.0,1,10:31:40.560084
2024-10-17 10:31:43.425652+00:00,30,7,DTE Staff,1,1,989,1202,-200.0,-91.0,1,10:31:43.425652
2024-10-17 10:31:46.497366400+00:00,30,7,DTE Staff,2,1,989,1202,-200.0,-92.0,1,10:31:46.497366
2024-10-17 10:32:02.064305500+00:00,30,8,DTE Student,4,11,989,1202,-42.0,-200.0,1,10:32:02.064305
2024-10-17 10:32:05.026723500+00:00,30,8,DTE Staff,3,11,989,1202,-42.0,-200.0,1,10:32:05.026723
2024-10-17 10:32:08.102739600+00:00,30,8,DTE Staff,1,1,989,1202,-200.0,-91.0,1,10:32:08.102739
2024-10-17 10:32:11.076436800+00:00,30,8,DTE Staff,2,1,989,1202,-200.0,-92.0,1,10:32:11.076436
2024-10-17 10:32:26.452678700+00:00,30,9,DTE Staff,3,11,989,1202,-42.0,-200.0,1,10:32:26.452678
2024-10-17 10:32:29.512194400+00:00,30,9,DTE Student,4,11,989,1202,-42.0,-200.0,1,10:32:29.512194
2024-10-17 10:32:32.475633800+00:00,30,9,DTE Staff,2,1,989,1202,-200.0,-90.0,1,10:32:32.475633
2024-10-17 10:32:35.547132100+00:00,30,9,DTE Staff,1,1,989,1202,-200.0,-91.0,1,10:32:35.547132
2024-10-17 10:32:51.319822600+00:00,30,10,DTE Staff,3,11,989,1202,-42.0,-200.0,1,10:32:51.319822
2024-10-17 10:32:54.222377+00:00,30,10,DTE Student,4,11,989,1202,-42.0,-200.0,1,10:32:54.222377
2024-10-17 10:32:57.257043700+00:00,30,10,DTE Staff,1,1,989,1202,-200.0,-91.0,1,10:32:57.257043
2024-10-17 10:33:00.330848700+00:00,30,10,DTE Staff,2,1,989,1202,-200.0,-92.0,1,10:33:00.330848
2024-10-17 10:33:15.791430100+00:00,30,11,DTE Staff,3,11,989,1202,-41.0,-200.0,1,10:33:15.791430
2024-10-17 10:33:18.863672900+00:00,30,11,DTE Student,4,11,989,1202,-42.0,-200.0,1,10:33:18.863672
2024-10-17 10:33:21.832186300+00:00,30,11,DTE Staff,2,1,989,1202,-200.0,-90.0,1,10:33:21.832186
2024-10-17 10:33:24.802976300+00:00,30,11,DTE Staff,1,1,989,1202,-200.0,-93.0,1,10:33:24.802976
2024-10-17 10:33:42.000417500+00:00,30,12,DTE Student,4,11,989,1202,-44.0,-200.0,1,10:33:42.000417
2024-10-17 10:33:44.975195100+00:00,30,12,DTE Staff,3,11,989,1202,-44.0,-200.0,1,10:33:44.975195
2024-10-17 10:33:48.046536800+00:00,30,12,DTE Staff,1,1,989,1202,-200.0,-89.0,1,10:33:48.046536
2024-10-17 10:33:51.223897900+00:00,30,12,DTE Staff,2,1,989,1202,-200.0,-89.0,1,10:33:51.223897
2024-10-17 10:34:06.584393400+00:00,30,13,DTE Staff,3,11,989,1202,-41.0,-200.0,1,10:34:06.584393
2024-10-17 10:34:09.653514200+00:00,30,13,DTE Student,4,11,989,1202,-41.0,-200.0,1,10:34:09.653514
2024-10-17 10:34:12.621405700+00:00,30,13,DTE Staff,2,1,989,1202,-200.0,-91.0,1,10:34:12.621405
2024-10-17 10:34:15.694514600+00:00,30,13,DTE Staff,1,1,989,1202,-200.0,-91.0,1,10:34:15.694514
2024-10-17 10:34:31.196746800+00:00,30,14,DTE Student,4,11,989,1202,-41.0,-200.0,1,10:34:31.196746
2024-10-17 10:34:34.229071200+00:00,30,14,DTE Staff,3,11,989,1202,-41.0,-200.0,1,10:34:34.229071
2024-10-17 10:34:37.110176600+00:00,30,14,DTE Staff,2,1,989,1202,-200.0,-91.0,1,10:34:37.110176
2024-10-17 10:34:40.168469300+00:00,30,14,DTE Staff,1,1,989,1202,-200.0,-92.0,1,10:34:40.168469
2024-10-17 10:34:55.625947100+00:00,30,15,DTE Student,4,11,989,1202,-44.0,-200.0,1,10:34:55.625947
2024-10-17 10:34:58.702230300+00:00,30,15,DTE Staff,3,11,989,1202,-44.0,-200.0,1,10:34:58.702230
2024-10-17 10:35:01.673405100+00:00,30,15,DTE Staff,1,1,989,1202,-200.0,-92.0,1,10:35:01.673405
2024-10-17 10:35:04.641513200+00:00,30,15,DTE Staff,2,1,989,1202,-200.0,-92.0,1,10:35:04.641513
2024-10-17 10:35:20.314371200+00:00,30,16,DTE Student,4,11,989,1202,-43.0,-200.0,1,10:35:20.314371
2024-10-17 10:35:23.382483200+00:00,30,16,DTE Staff,3,11,989,1202,-43.0,-200.0,1,10:35:23.382483
2024-10-17 10:35:26.375589800+00:00,30,16,DTE Staff,1,1,989,1202,-200.0,-86.0,1,10:35:26.375589
2024-10-17 10:35:29.525112500+00:00,30,16,DTE Staff,2,1,989,1202,-200.0,-88.0,1,10:35:29.525112
2024-10-17 10:35:46.119802200+00:00,30,17,DTE Staff,3,11,989,1202,-44.0,-200.0,1,10:35:46.119802
2024-10-17 10:35:49.084042200+00:00,30,17,DTE Student,4,11,989,1202,-44.0,-200.0,1,10:35:49.084042
2024-10-17 10:35:52.053357200+00:00,30,17,DTE Staff,1,1,989,1202,-200.0,-90.0,1,10:35:52.053357
2024-10-17 10:35:55.107521800+00:00,30,17,DTE Staff,2,1,989,1202,-200.0,-92.0,1,10:35:55.107521
2024-10-17 10:36:10.691246400+00:00,30,18,DTE Staff,3,11,989,1202,-46.0,-200.0,1,10:36:10.691246
2024-10-17 10:36:13.769936500+00:00,30,18,DTE Student,4,11,989,1202,-47.0,-200.0,1,10:36:13.769936
2024-10-17 10:36:16.731824300+00:00,30,18,DTE Staff,1,1,989,1202,-200.0,-93.0,1,10:36:16.731824
2024-10-17 10:36:22.339535600+00:00,30,18,DTE Staff,2,1,989,1202,-200.0,-93.0,1,10:36:22.339535
2024-10-17 10:36:37.216855500+00:00,30,19,DTE Student,4,11,989,1202,-52.0,-200.0,1,10:36:37.216855
2024-10-17 10:36:40.284576600+00:00,30,19,DTE Staff,3,11,989,1202,-53.0,-200.0,1,10:36:40.284576
2024-10-17 10:36:43.203683500+00:00,30,19,DTE Staff,2,1,989,1202,-200.0,-87.0,1,10:36:43.203683
2024-10-17 10:36:46.333554100+00:00,30,19,DTE Staff,1,1,989,1202,-200.0,-88.0,1,10:36:46.333554
2024-10-17 10:37:03.110155700+00:00,30,20,DTE Staff,3,11,989,1202,-46.0,-200.0,1,10:37:03.110155
2024-10-17 10:37:06.294725800+00:00,30,20,DTE Student,4,11,989,1202,-47.0,-200.0,1,10:37:06.294725
2024-10-17 10:37:09.159721900+00:00,30,20,DTE Staff,1,1,989,1202,-200.0,-89.0,1,10:37:09.159721
2024-10-17 10:37:12.234211+00:00,30,20,DTE Staff,2,1,989,1202,-200.0,-89.0,1,10:37:12.234211
2024-10-17 10:39:01.290371500+00:00,37,1,DTE Student,4,11,1908,1037,-54.0,-200.0,1,10:39:01.290371
2024-10-17 10:39:04.361624400+00:00,37,1,DTE Staff,3,11,1908,1037,-55.0,-200.0,1,10:39:04.361624
2024-10-17 10:39:07.231557200+00:00,37,1,DTE Staff,2,1,1908,1037,-200.0,-81.0,1,10:39:07.231557
2024-10-17 10:39:10.264764400+00:00,37,1,DTE Staff,1,1,1908,1037,-200.0,-82.0,1,10:39:10.264764
2024-10-17 10:39:27.606968800+00:00,37,2,DTE Staff,3,11,1908,1037,-53.0,-200.0,1,10:39:27.606968
2024-10-17 10:39:30.612098900+00:00,37,2,DTE Student,4,11,1908,1037,-55.0,-200.0,1,10:39:30.612098
2024-10-17 10:39:35.023708700+00:00,37,2,DTE Staff,1,1,1908,1037,-200.0,-81.0,1,10:39:35.023708
2024-10-17 10:39:36.633736900+00:00,37,2,DTE Staff,2,1,1908,1037,-200.0,-82.0,1,10:39:36.633736
2024-10-17 10:39:53.471872700+00:00,37,3,DTE Staff,3,11,1908,1037,-54.0,-200.0,1,10:39:53.471872
2024-10-17 10:39:59.566795400+00:00,37,3,DTE Student,4,11,1908,1037,-54.0,-200.0,1,10:39:59.566795
2024-10-17 10:39:59.761023500+00:00,37,3,DTE Staff,1,1,1908,1037,-200.0,-81.0,1,10:39:59.761023
2024-10-17 10:40:02.525578200+00:00,37,3,DTE Staff,2,1,1908,1037,-200.0,-83.0,1,10:40:02.525578
2024-10-17 10:40:19.627322500+00:00,37,4,DTE Student,4,11,1908,1037,-54.0,-200.0,1,10:40:19.627322
2024-10-17 10:40:22.910922500+00:00,37,4,DTE Staff,3,11,1908,1037,-55.0,-200.0,1,10:40:22.910922
2024-10-17 10:40:28.845021100+00:00,37,4,DTE Staff,1,1,1908,1037,-200.0,-82.0,1,10:40:28.845021
2024-10-17 10:40:44.370696300+00:00,37,5,DTE Staff,3,11,1908,1037,-55.0,-200.0,1,10:40:44.370696
2024-10-17 10:40:47.470788300+00:00,37,5,DTE Student,4,11,1908,1037,-56.0,-200.0,1,10:40:47.470788
2024-10-17 10:40:50.449103900+00:00,37,5,DTE Staff,2,1,1908,1037,-200.0,-84.0,1,10:40:50.449103
2024-10-17 10:40:53.524446300+00:00,37,5,DTE Staff,1,1,1908,1037,-200.0,-85.0,1,10:40:53.524446
2024-10-17 10:41:09.457443400+00:00,37,6,DTE Staff,3,11,1908,1037,-54.0,-200.0,1,10:41:09.457443
2024-10-17 10:41:12.566214500+00:00,37,6,DTE Student,4,11,1908,1037,-54.0,-200.0,1,10:41:12.566214
2024-10-17 10:41:15.487157200+00:00,37,6,DTE Staff,2,1,1908,1037,-200.0,-82.0,1,10:41:15.487157
2024-10-17 10:41:18.510092+00:00,37,6,DTE Staff,1,1,1908,1037,-200.0,-83.0,1,10:41:18.510092
2024-10-17 10:41:34.687462400+00:00,37,7,DTE Staff,3,11,1908,1037,-57.0,-200.0,1,10:41:34.687462
2024-10-17 10:41:37.727864+00:00,37,7,DTE Student,4,11,1908,1037,-57.0,-200.0,1,10:41:37.727864
2024-10-17 10:41:40.728359800+00:00,37,7,DTE Staff,1,1,1908,1037,-200.0,-81.0,1,10:41:40.728359
2024-10-17 10:41:43.800004200+00:00,37,7,DTE Staff,2,1,1908,1037,-200.0,-82.0,1,10:41:43.800004
2024-10-17 10:42:00.486490+00:00,37,8,DTE Student,4,11,1908,1037,-55.0,-200.0,1,10:42:00.486490
2024-10-17 10:42:03.462011900+00:00,37,8,DTE Staff,3,11,1908,1037,-56.0,-200.0,1,10:42:03.462011
2024-10-17 10:42:06.535610+00:00,37,8,DTE Staff,1,1,1908,1037,-200.0,-83.0,1,10:42:06.535610
2024-10-17 10:42:09.504959200+00:00,37,8,DTE Staff,2,1,1908,1037,-200.0,-83.0,1,10:42:09.504959
2024-10-17 10:42:25.476254300+00:00,37,9,DTE Staff,3,11,1908,1037,-54.0,-200.0,1,10:42:25.476254
2024-10-17 10:42:28.551811200+00:00,37,9,DTE Student,4,11,1908,1037,-54.0,-200.0,1,10:42:28.551811
2024-10-17 10:42:31.522976300+00:00,37,9,DTE Staff,2,1,1908,1037,-200.0,-82.0,1,10:42:31.522976
2024-10-17 10:42:34.591278800+00:00,37,9,DTE Staff,1,1,1908,1037,-200.0,-83.0,1,10:42:34.591278
2024-10-17 10:42:50.568573300+00:00,37,10,DTE Student,4,11,1908,1037,-52.0,-200.0,1,10:42:50.568573
2024-10-17 10:42:53.640629700+00:00,37,10,DTE Staff,3,11,1908,1037,-52.0,-200.0,1,10:42:53.640629
2024-10-17 10:42:56.709586+00:00,37,10,DTE Staff,1,1,1908,1037,-200.0,-84.0,1,10:42:56.709586
2024-10-17 10:42:59.681011+00:00,37,10,DTE Staff,2,1,1908,1037,-200.0,-86.0,1,10:42:59.681011
2024-10-17 10:43:15.510754300+00:00,37,11,DTE Staff,3,11,1908,1037,-53.0,-200.0,1,10:43:15.510754
2024-10-17 10:43:18.522535900+00:00,37,11,DTE Student,4,11,1908,1037,-53.0,-200.0,1,10:43:18.522535
2024-10-17 10:43:21.490592800+00:00,37,11,DTE Staff,1,1,1908,1037,-200.0,-82.0,1,10:43:21.490592
2024-10-17 10:43:24.667760100+00:00,37,11,DTE Staff,2,1,1908,1037,-200.0,-84.0,1,10:43:24.667760
2024-10-17 10:43:44.531595100+00:00,37,12,DTE Student,4,11,1908,1037,-53.0,-200.0,1,10:43:44.531595
2024-10-17 10:43:45.233672200+00:00,37,12,DTE Staff,3,11,1908,1037,-54.0,-200.0,1,10:43:45.233672
2024-10-17 10:43:50.034335200+00:00,37,12,DTE Staff,1,1,1908,1037,-200.0,-82.0,1,10:43:50.034335
2024-10-17 10:44:21.093217500+00:00,37,13,DTE Staff,3,11,1908,1037,-52.0,-200.0,1,10:44:21.093217
2024-10-17 10:44:29.381807900+00:00,37,13,DTE Staff,2,1,1908,1037,-200.0,-83.0,1,10:44:29.381807
2024-10-17 10:44:29.381807900+00:00,37,13,DTE Student,4,11,1908,1037,-54.0,-200.0,1,10:44:29.381807
2024-10-17 10:44:30.203156100+00:00,37,13,DTE Staff,1,1,1908,1037,-200.0,-84.0,1,10:44:30.203156
2024-10-17 10:44:45.564579+00:00,37,14,DTE Student,4,11,1908,1037,-55.0,-200.0,1,10:44:45.564579
2024-10-17 10:44:48.633541400+00:00,37,14,DTE Staff,3,11,1908,1037,-55.0,-200.0,1,10:44:48.633541
2024-10-17 10:45:12.802414600+00:00,37,15,DTE Student,4,11,1908,1037,-59.0,-200.0,1,10:45:12.802414
2024-10-17 10:45:15.873947300+00:00,37,15,DTE Staff,3,11,1908,1037,-60.0,-200.0,1,10:45:15.873947
2024-10-17 10:45:24.750821400+00:00,37,15,DTE Staff,1,1,1908,1037,-200.0,-84.0,1,10:45:24.750821
2024-10-17 10:45:24.750821400+00:00,37,15,DTE Staff,2,1,1908,1037,-200.0,-79.0,1,10:45:24.750821
2024-10-17 10:46:06.049523200+00:00,37,17,DTE Student,4,11,1908,1037,-59.0,-200.0,1,10:46:06.049523
2024-10-17 10:46:30.831638900+00:00,37,18,DTE Student,4,11,1908,1037,-52.0,-200.0,1,10:46:30.831638
2024-10-17 10:46:33.902740800+00:00,37,18,DTE Staff,3,11,1908,1037,-53.0,-200.0,1,10:46:33.902740
2024-10-17 10:46:36.872089900+00:00,37,18,DTE Staff,2,1,1908,1037,-200.0,-82.0,1,10:46:36.872089
2024-10-17 10:46:39.944156700+00:00,37,18,DTE Staff,1,1,1908,1037,-200.0,-82.0,1,10:46:39.944156
2024-10-17 10:46:55.633203300+00:00,37,19,DTE Staff,3,11,1908,1037,-54.0,-200.0,1,10:46:55.633203
2024-10-17 10:46:58.785670900+00:00,37,19,DTE Student,4,11,1908,1037,-54.0,-200.0,1,10:46:58.785670
2024-10-17 10:47:01.653119700+00:00,37,19,DTE Staff,1,1,1908,1037,-200.0,-82.0,1,10:47:01.653119
2024-10-17 10:47:04.723590900+00:00,37,19,DTE Staff,2,1,1908,1037,-200.0,-83.0,1,10:47:04.723590
2024-10-17 10:47:20.671099+00:00,37,20,DTE Staff,3,11,1908,1037,-53.0,-200.0,1,10:47:20.671099
2024-10-17 10:47:23.669681400+00:00,37,20,DTE Student,4,11,1908,1037,-54.0,-200.0,1,10:47:23.669681
2024-10-17 10:47:26.576408200+00:00,37,20,DTE Staff,1,1,1908,1037,-200.0,-80.0,1,10:47:26.576408
2024-10-17 10:47:30.215295900+00:00,37,20,DTE Staff,2,1,1908,1037,-200.0,-81.0,1,10:47:30.215295
2024-10-23 02:57:21.739356300+00:00,12,1,DTE Student,4,11,759,1567,-67.0,-200.0,0,02:57:21.739356
2024-10-23 02:57:24.851816800+00:00,12,1,DTE Staff,3,11,759,1567,-67.0,-200.0,0,02:57:24.851816
2024-10-23 02:57:40.995282500+00:00,12,2,DTE Student,4,11,759,1567,-61.0,-200.0,0,02:57:40.995282
2024-10-23 02:57:44.077922500+00:00,12,2,DTE Staff,3,11,759,1567,-61.0,-200.0,0,02:57:44.077922
2024-10-23 02:58:00.549143300+00:00,12,3,DTE Student,4,11,759,1567,-60.0,-200.0,0,02:58:00.549143
2024-10-23 02:58:03.620991100+00:00,12,3,DTE Staff,3,11,759,1567,-60.0,-200.0,0,02:58:03.620991
2024-10-23 02:58:19.291186+00:00,12,4,DTE Student,4,11,759,1567,-60.0,-200.0,0,02:58:19.291186
2024-10-23 02:58:22.360168300+00:00,12,4,DTE Staff,3,11,759,1567,-61.0,-200.0,0,02:58:22.360168
2024-10-23 02:58:40.900872300+00:00,12,5,DTE Student,4,11,759,1567,-61.0,-200.0,0,02:58:40.900872
2024-10-23 02:58:43.864247800+00:00,12,5,DTE Staff,3,11,759,1567,-61.0,-200.0,0,02:58:43.864247
2024-10-23 02:59:02.606741300+00:00,12,6,DTE Staff,3,11,759,1567,-62.0,-200.0,0,02:59:02.606741
2024-10-23 02:59:05.677386600+00:00,12,6,DTE Student,4,11,759,1567,-62.0,-200.0,0,02:59:05.677386
2024-10-23 02:59:16.928408+00:00,12,7,DTE Staff,3,11,759,1567,-61.0,-200.0,0,02:59:16.928408
2024-10-23 02:59:19.933324600+00:00,12,7,DTE Student,4,11,759,1567,-62.0,-200.0,0,02:59:19.933324
2024-10-23 02:59:38.345018500+00:00,12,8,DTE Staff,3,11,759,1567,-61.0,-200.0,0,02:59:38.345018
2024-10-23 02:59:41.413521300+00:00,12,8,DTE Student,4,11,759,1567,-61.0,-200.0,0,02:59:41.413521
2024-10-23 02:59:57.525127200+00:00,12,9,DTE Student,4,11,759,1567,-61.0,-200.0,0,02:59:57.525127
2024-10-23 03:00:00.664646500+00:00,12,9,DTE Staff,3,11,759,1567,-62.0,-200.0,0,03:00:00.664646
2024-10-23 03:00:16.438629400+00:00,12,10,DTE Student,4,11,759,1567,-62.0,-200.0,0,03:00:16.438629
2024-10-23 03:00:19.614640600+00:00,12,10,DTE Staff,3,11,759,1567,-62.0,-200.0,0,03:00:19.614640
2024-10-23 03:00:35.788777400+00:00,12,11,DTE Staff,3,11,759,1567,-62.0,-200.0,0,03:00:35.788777
2024-10-23 03:00:38.692230500+00:00,12,11,DTE Student,4,11,759,1567,-62.0,-200.0,0,03:00:38.692230
2024-10-23 03:00:55.765927400+00:00,12,12,DTE Staff,3,11,759,1567,-62.0,-200.0,0,03:00:55.765927
2024-10-23 03:00:58.835982500+00:00,12,12,DTE Student,4,11,759,1567,-62.0,-200.0,0,03:00:58.835982
2024-10-23 03:01:14.717775900+00:00,12,13,DTE Staff,3,11,759,1567,-61.0,-200.0,0,03:01:14.717775
2024-10-23 03:01:17.669248200+00:00,12,13,DTE Student,4,11,759,1567,-61.0,-200.0,0,03:01:17.669248
2024-10-23 03:01:33.398106700+00:00,12,14,DTE Staff,3,11,759,1567,-61.0,-200.0,0,03:01:33.398106
2024-10-23 03:01:36.420360200+00:00,12,14,DTE Student,4,11,759,1567,-61.0,-200.0,0,03:01:36.420360
2024-10-23 03:01:52.158840900+00:00,12,15,DTE Staff,3,11,759,1567,-61.0,-200.0,0,03:01:52.158840
2024-10-23 03:01:55.181458+00:00,12,15,DTE Student,4,11,759,1567,-61.0,-200.0,0,03:01:55.181458
2024-10-23 03:02:10.581750100+00:00,12,16,DTE Student,4,11,759,1567,-61.0,-200.0,0,03:02:10.581750
2024-10-23 03:02:13.592227200+00:00,12,16,DTE Staff,3,11,759,1567,-62.0,-200.0,0,03:02:13.592227
2024-10-23 03:02:29.231717500+00:00,12,17,DTE Student,4,11,759,1567,-64.0,-200.0,0,03:02:29.231717
2024-10-23 03:02:32.247016900+00:00,12,17,DTE Staff,3,11,759,1567,-64.0,-200.0,0,03:02:32.247016
2024-10-23 03:02:47.679192500+00:00,12,18,DTE Staff,3,11,759,1567,-62.0,-200.0,0,03:02:47.679192
2024-10-23 03:02:50.670562200+00:00,12,18,DTE Student,4,11,759,1567,-62.0,-200.0,0,03:02:50.670562
2024-10-23 03:03:06.369934500+00:00,12,19,DTE Student,4,11,759,1567,-60.0,-200.0,0,03:03:06.369934
2024-10-23 03:03:09.390020900+00:00,12,19,DTE Staff,3,11,759,1567,-61.0,-200.0,0,03:03:09.390020
2024-10-23 03:03:25.266840300+00:00,12,20,DTE Student,4,11,759,1567,-61.0,-200.0,0,03:03:25.266840
2024-10-23 03:03:28.289236200+00:00,12,20,DTE Staff,3,11,759,1567,-61.0,-200.0,0,03:03:28.289236
2024-10-23 07:43:19.612202+00:00,39,1,DTE Student,4,11,2224,1037,-64.0,-200.0,1,07:43:19.612202
2024-10-23 07:43:22.658749500+00:00,39,1,DTE Staff,3,11,2224,1037,-65.0,-200.0,1,07:43:22.658749
2024-10-23 07:43:25.789981700+00:00,39,1,DTE Staff,2,1,2224,1037,-200.0,-72.0,1,07:43:25.789981
2024-10-23 07:43:28.661760700+00:00,39,1,DTE Staff,1,1,2224,1037,-200.0,-72.0,1,07:43:28.661760
2024-10-23 07:43:46.603835200+00:00,39,2,DTE Student,4,11,2224,1037,-61.0,-200.0,1,07:43:46.603835
2024-10-23 07:43:49.694423600+00:00,39,2,DTE Staff,3,11,2224,1037,-61.0,-200.0,1,07:43:49.694423
2024-10-23 07:43:52.544119500+00:00,39,2,DTE Staff,2,1,2224,1037,-200.0,-72.0,1,07:43:52.544119
2024-10-23 07:43:55.620003100+00:00,39,2,DTE Staff,1,1,2224,1037,-200.0,-73.0,1,07:43:55.620003
2024-10-23 07:44:11.107824900+00:00,39,3,DTE Student,4,11,2224,1037,-66.0,-200.0,1,07:44:11.107824
2024-10-23 07:44:14.154780+00:00,39,3,DTE Staff,3,11,2224,1037,-66.0,-200.0,1,07:44:14.154780
2024-10-23 07:44:17.220910400+00:00,39,3,DTE Staff,1,1,2224,1037,-200.0,-71.0,1,07:44:17.220910
2024-10-23 07:44:20.089405600+00:00,39,3,DTE Staff,2,1,2224,1037,-200.0,-71.0,1,07:44:20.089405
2024-10-23 07:44:36.476079100+00:00,39,4,DTE Staff,3,11,2224,1037,-58.0,-200.0,1,07:44:36.476079
2024-10-23 07:44:39.545314500+00:00,39,4,DTE Student,4,11,2224,1037,-58.0,-200.0,1,07:44:39.545314
2024-10-23 07:44:42.520971400+00:00,39,4,DTE Staff,1,1,2224,1037,-200.0,-72.0,1,07:44:42.520971
2024-10-23 07:44:45.583805600+00:00,39,4,DTE Staff,2,1,2224,1037,-200.0,-73.0,1,07:44:45.583805
2024-10-23 07:45:08.215893100+00:00,39,5,DTE Staff,3,11,2224,1037,-64.0,-200.0,1,07:45:08.215893
2024-10-23 07:45:11.294776100+00:00,39,5,DTE Student,4,11,2224,1037,-65.0,-200.0,1,07:45:11.294776
2024-10-23 07:45:14.460376900+00:00,39,5,DTE Staff,1,1,2224,1037,-200.0,-72.0,1,07:45:14.460376
2024-10-23 07:45:17.217330300+00:00,39,5,DTE Staff,2,1,2224,1037,-200.0,-73.0,1,07:45:17.217330
2024-10-23 07:45:37.811825800+00:00,39,6,DTE Staff,3,11,2224,1037,-66.0,-200.0,1,07:45:37.811825
2024-10-23 07:45:40.895982700+00:00,39,6,DTE Student,4,11,2224,1037,-66.0,-200.0,1,07:45:40.895982
2024-10-23 07:45:45.486020300+00:00,39,6,DTE Staff,1,1,2224,1037,-200.0,-72.0,1,07:45:45.486020
2024-10-23 07:45:46.820211700+00:00,39,6,DTE Staff,2,1,2224,1037,-200.0,-72.0,1,07:45:46.820211
2024-10-23 07:46:03.202766100+00:00,39,7,DTE Staff,1,1,2224,1037,-200.0,-71.0,1,07:46:03.202766
2024-10-23 07:46:12.622958300+00:00,39,7,DTE Staff,3,11,2224,1037,-71.0,-200.0,1,07:46:12.622958
2024-10-23 07:46:12.622958300+00:00,39,7,DTE Staff,2,1,2224,1037,-200.0,-71.0,1,07:46:12.622958
2024-10-23 07:46:12.622958300+00:00,39,7,DTE Student,4,11,2224,1037,-71.0,-200.0,1,07:46:12.622958
2024-10-23 07:46:32.427796300+00:00,39,8,DTE Student,4,11,2224,1037,-60.0,-200.0,1,07:46:32.427796
2024-10-23 07:46:35.359072700+00:00,39,8,DTE Staff,3,11,2224,1037,-60.0,-200.0,1,07:46:35.359072
2024-10-23 07:46:38.447855200+00:00,39,8,DTE Staff,1,1,2224,1037,-200.0,-73.0,1,07:46:38.447855
2024-10-23 07:46:41.396545500+00:00,39,8,DTE Staff,2,1,2224,1037,-200.0,-74.0,1,07:46:41.396545
2024-10-23 07:46:57.487317100+00:00,39,9,DTE Staff,3,11,2224,1037,-62.0,-200.0,1,07:46:57.487317
2024-10-23 07:47:00.348464100+00:00,39,9,DTE Student,4,11,2224,1037,-62.0,-200.0,1,07:47:00.348464
2024-10-23 07:47:04.756857200+00:00,39,9,DTE Staff,1,1,2224,1037,-200.0,-70.0,1,07:47:04.756857
2024-10-23 07:47:08.428131300+00:00,39,9,DTE Staff,2,1,2224,1037,-200.0,-71.0,1,07:47:08.428131
2024-10-23 07:47:22.253585700+00:00,39,10,DTE Student,4,11,2224,1037,-61.0,-200.0,1,07:47:22.253585
2024-10-23 07:47:25.337724200+00:00,39,10,DTE Staff,3,11,2224,1037,-61.0,-200.0,1,07:47:25.337724
2024-10-23 07:47:28.302390100+00:00,39,10,DTE Staff,2,1,2224,1037,-200.0,-71.0,1,07:47:28.302390
2024-10-23 07:47:31.264855400+00:00,39,10,DTE Staff,1,1,2224,1037,-200.0,-73.0,1,07:47:31.264855
2024-10-23 07:47:47.550748500+00:00,39,11,DTE Staff,3,11,2224,1037,-66.0,-200.0,1,07:47:47.550748
2024-10-23 07:47:50.518174200+00:00,39,11,DTE Student,4,11,2224,1037,-67.0,-200.0,1,07:47:50.518174
2024-10-23 07:47:53.690194800+00:00,39,11,DTE Staff,2,1,2224,1037,-200.0,-70.0,1,07:47:53.690194
2024-10-23 07:47:56.589508200+00:00,39,11,DTE Staff,1,1,2224,1037,-200.0,-70.0,1,07:47:56.589508
2024-10-23 07:48:12.742449800+00:00,39,12,DTE Student,4,11,2224,1037,-62.0,-200.0,1,07:48:12.742449
2024-10-23 07:48:15.646807300+00:00,39,12,DTE Staff,3,11,2224,1037,-62.0,-200.0,1,07:48:15.646807
2024-10-23 07:48:18.782559500+00:00,39,12,DTE Staff,1,1,2224,1037,-200.0,-70.0,1,07:48:18.782559
2024-10-23 07:48:21.754030600+00:00,39,12,DTE Staff,2,1,2224,1037,-200.0,-70.0,1,07:48:21.754030
2024-10-23 07:48:40.296645800+00:00,39,13,DTE Student,4,11,2224,1037,-61.0,-200.0,1,07:48:40.296645
2024-10-23 07:48:46.335749700+00:00,39,13,DTE Staff,3,11,2224,1037,-61.0,-200.0,1,07:48:46.335749
2024-10-23 07:48:50.836812800+00:00,39,13,DTE Staff,1,1,2224,1037,-200.0,-71.0,1,07:48:50.836812
2024-10-23 07:48:50.836812800+00:00,39,13,DTE Staff,2,1,2224,1037,-200.0,-71.0,1,07:48:50.836812
2024-10-23 07:49:06.501422600+00:00,39,14,DTE Student,4,11,2224,1037,-60.0,-200.0,1,07:49:06.501422
2024-10-23 07:49:09.575599200+00:00,39,14,DTE Staff,3,11,2224,1037,-61.0,-200.0,1,07:49:09.575599
2024-10-23 07:49:12.564614200+00:00,39,14,DTE Staff,2,1,2224,1037,-200.0,-70.0,1,07:49:12.564614
2024-10-23 07:49:15.519865500+00:00,39,14,DTE Staff,1,1,2224,1037,-200.0,-70.0,1,07:49:15.519865
2024-10-23 07:50:10.210565300+00:00,39,15,DTE Staff,3,11,2224,1037,-60.0,-200.0,1,07:50:10.210565
2024-10-23 07:50:13.075383100+00:00,39,15,DTE Student,4,11,2224,1037,-60.0,-200.0,1,07:50:13.075383
2024-10-23 07:50:16.222699400+00:00,39,15,DTE Staff,1,1,2224,1037,-200.0,-70.0,1,07:50:16.222699
2024-10-23 07:50:36.103170200+00:00,39,16,DTE Staff,3,11,2224,1037,-61.0,-200.0,1,07:50:36.103170
2024-10-23 07:50:39.191260800+00:00,39,16,DTE Student,4,11,2224,1037,-62.0,-200.0,1,07:50:39.191260
2024-10-23 07:50:42.246383100+00:00,39,16,DTE Staff,2,1,2224,1037,-200.0,-70.0,1,07:50:42.246383
2024-10-23 07:50:45.121272500+00:00,39,16,DTE Staff,1,1,2224,1037,-200.0,-71.0,1,07:50:45.121272
2024-10-23 07:51:02.743169500+00:00,39,17,DTE Student,4,11,2224,1037,-65.0,-200.0,1,07:51:02.743169
2024-10-23 07:51:05.713259400+00:00,39,17,DTE Staff,3,11,2224,1037,-65.0,-200.0,1,07:51:05.713259
2024-10-23 07:51:08.695590200+00:00,39,17,DTE Staff,2,1,2224,1037,-200.0,-70.0,1,07:51:08.695590
2024-10-23 07:51:11.725925200+00:00,39,17,DTE Staff,1,1,2224,1037,-200.0,-71.0,1,07:51:11.725925
2024-10-23 07:51:27.343440900+00:00,39,18,DTE Staff,3,11,2224,1037,-59.0,-200.0,1,07:51:27.343440
2024-10-23 07:51:30.376884900+00:00,39,18,DTE Student,4,11,2224,1037,-62.0,-200.0,1,07:51:30.376884
2024-10-23 07:51:33.349010300+00:00,39,18,DTE Staff,1,1,2224,1037,-200.0,-70.0,1,07:51:33.349010
2024-10-23 07:51:36.315372600+00:00,39,18,DTE Staff,2,1,2224,1037,-200.0,-71.0,1,07:51:36.315372
2024-10-23 07:51:52.095377800+00:00,39,19,DTE Staff,3,11,2224,1037,-61.0,-200.0,1,07:51:52.095377
2024-10-23 07:51:55.056005900+00:00,39,19,DTE Student,4,11,2224,1037,-61.0,-200.0,1,07:51:55.056005
2024-10-23 07:51:58.127419100+00:00,39,19,DTE Staff,1,1,2224,1037,-200.0,-72.0,1,07:51:58.127419
2024-10-23 07:52:01.119208+00:00,39,19,DTE Staff,2,1,2224,1037,-200.0,-72.0,1,07:52:01.119208
2024-10-23 07:52:16.669821500+00:00,39,20,DTE Student,4,11,2224,1037,-60.0,-200.0,1,07:52:16.669821
2024-10-23 07:52:19.736748900+00:00,39,20,DTE Staff,3,11,2224,1037,-61.0,-200.0,1,07:52:19.736748
2024-10-23 07:52:22.812124100+00:00,39,20,DTE Staff,1,1,2224,1037,-200.0,-72.0,1,07:52:22.812124
2024-10-23 07:52:25.969070300+00:00,39,20,DTE Staff,2,1,2224,1037,-200.0,-73.0,1,07:52:25.969070
2024-10-23 09:05:48.312024400+00:00,34,1,DTE Student,4,11,1449,1202,-43.0,-200.0,1,09:05:48.312024
2024-10-23 09:05:51.268744500+00:00,34,1,DTE Staff,3,11,1449,1202,-44.0,-200.0,1,09:05:51.268744
2024-10-23 09:05:54.331777400+00:00,34,1,DTE Staff,1,1,1449,1202,-200.0,-93.0,1,09:05:54.331777
2024-10-23 09:05:57.328260800+00:00,34,1,DTE Staff,2,1,1449,1202,-200.0,-94.0,1,09:05:57.328260
2024-10-23 09:06:13.696040500+00:00,34,2,DTE Staff,3,11,1449,1202,-45.0,-200.0,1,09:06:13.696040
2024-10-23 09:06:16.658684200+00:00,34,2,DTE Student,4,11,1449,1202,-45.0,-200.0,1,09:06:16.658684
2024-10-23 09:06:19.512132300+00:00,34,2,DTE Staff,1,1,1449,1202,-200.0,-95.0,1,09:06:19.512132
2024-10-23 09:06:22.592818100+00:00,34,2,DTE Staff,2,1,1449,1202,-200.0,-95.0,1,09:06:22.592818
2024-10-23 09:06:38.977371800+00:00,34,3,DTE Student,4,11,1449,1202,-44.0,-200.0,1,09:06:38.977371
2024-10-23 09:06:42.047502400+00:00,34,3,DTE Staff,3,11,1449,1202,-45.0,-200.0,1,09:06:42.047502
2024-10-23 09:06:45.051755300+00:00,34,3,DTE Staff,1,1,1449,1202,-200.0,-93.0,1,09:06:45.051755
2024-10-23 09:06:48.093752600+00:00,34,3,DTE Staff,2,1,1449,1202,-200.0,-93.0,1,09:06:48.093752
2024-10-23 09:07:03.862673300+00:00,34,4,DTE Staff,3,11,1449,1202,-44.0,-200.0,1,09:07:03.862673
2024-10-23 09:07:06.828609400+00:00,34,4,DTE Student,4,11,1449,1202,-45.0,-200.0,1,09:07:06.828609
2024-10-23 09:07:09.935136700+00:00,34,4,DTE Staff,1,1,1449,1202,-200.0,-93.0,1,09:07:09.935136
2024-10-23 09:07:12.871662800+00:00,34,4,DTE Staff,2,1,1449,1202,-200.0,-94.0,1,09:07:12.871662
2024-10-23 09:07:29.362719+00:00,34,5,DTE Staff,3,11,1449,1202,-44.0,-200.0,1,09:07:29.362719
2024-10-23 09:07:32.836767800+00:00,34,5,DTE Student,4,11,1449,1202,-45.0,-200.0,1,09:07:32.836767
2024-10-23 09:07:35.500386200+00:00,34,5,DTE Staff,1,1,1449,1202,-200.0,-94.0,1,09:07:35.500386
2024-10-23 09:07:38.397811700+00:00,34,5,DTE Staff,2,1,1449,1202,-200.0,-95.0,1,09:07:38.397811
2024-10-23 09:07:54.330828900+00:00,34,6,DTE Staff,3,11,1449,1202,-44.0,-200.0,1,09:07:54.330828
2024-10-23 09:07:57.337915+00:00,34,6,DTE Student,4,11,1449,1202,-45.0,-200.0,1,09:07:57.337915
2024-10-23 09:08:00.383179900+00:00,34,6,DTE Staff,2,1,1449,1202,-200.0,-92.0,1,09:08:00.383179
2024-10-23 09:08:03.453366700+00:00,34,6,DTE Staff,1,1,1449,1202,-200.0,-96.0,1,09:08:03.453366
2024-10-23 09:08:21.930221500+00:00,34,7,DTE Student,4,11,1449,1202,-44.0,-200.0,1,09:08:21.930221
2024-10-23 09:08:22.506060700+00:00,34,7,DTE Staff,3,11,1449,1202,-45.0,-200.0,1,09:08:22.506060
2024-10-23 09:08:25.466838500+00:00,34,7,DTE Staff,2,1,1449,1202,-200.0,-90.0,1,09:08:25.466838
2024-10-23 09:08:28.547760900+00:00,34,7,DTE Staff,1,1,1449,1202,-200.0,-92.0,1,09:08:28.547760
2024-10-23 09:08:44.611262500+00:00,34,8,DTE Staff,3,11,1449,1202,-45.0,-200.0,1,09:08:44.611262
2024-10-23 09:08:47.587419200+00:00,34,8,DTE Student,4,11,1449,1202,-45.0,-200.0,1,09:08:47.587419
2024-10-23 09:08:50.663970400+00:00,34,8,DTE Staff,1,1,1449,1202,-200.0,-93.0,1,09:08:50.663970
2024-10-23 09:08:53.644716+00:00,34,8,DTE Staff,2,1,1449,1202,-200.0,-94.0,1,09:08:53.644716
2024-10-23 09:09:09.895580+00:00,34,9,DTE Student,4,11,1449,1202,-44.0,-200.0,1,09:09:09.895580
2024-10-23 09:09:12.988390200+00:00,34,9,DTE Staff,3,11,1449,1202,-44.0,-200.0,1,09:09:12.988390
2024-10-23 09:09:15.955215900+00:00,34,9,DTE Staff,2,1,1449,1202,-200.0,-94.0,1,09:09:15.955215
2024-10-23 09:09:18.928416600+00:00,34,9,DTE Staff,1,1,1449,1202,-200.0,-96.0,1,09:09:18.928416
2024-10-23 09:09:35.207321300+00:00,34,10,DTE Student,4,11,1449,1202,-44.0,-200.0,1,09:09:35.207321
2024-10-23 09:09:38.278683700+00:00,34,10,DTE Staff,3,11,1449,1202,-45.0,-200.0,1,09:09:38.278683
2024-10-23 09:09:41.413102200+00:00,34,10,DTE Staff,2,1,1449,1202,-200.0,-93.0,1,09:09:41.413102
2024-10-23 09:09:44.421881600+00:00,34,10,DTE Staff,1,1,1449,1202,-200.0,-96.0,1,09:09:44.421881
2024-10-23 09:10:00.301065900+00:00,34,11,DTE Student,4,11,1449,1202,-45.0,-200.0,1,09:10:00.301065
2024-10-23 09:10:03.388904+00:00,34,11,DTE Staff,3,11,1449,1202,-45.0,-200.0,1,09:10:03.388904
2024-10-23 09:10:06.278076700+00:00,34,11,DTE Staff,2,1,1449,1202,-200.0,-93.0,1,09:10:06.278076
2024-10-23 09:10:09.305944400+00:00,34,11,DTE Staff,1,1,1449,1202,-200.0,-95.0,1,09:10:09.305944
2024-10-23 09:10:26.117924700+00:00,34,12,DTE Staff,3,11,1449,1202,-43.0,-200.0,1,09:10:26.117924
2024-10-23 09:10:29.069244900+00:00,34,12,DTE Student,4,11,1449,1202,-44.0,-200.0,1,09:10:29.069244
2024-10-23 09:10:32.247655900+00:00,34,12,DTE Staff,2,1,1449,1202,-200.0,-90.0,1,09:10:32.247655
2024-10-23 09:10:35.039686300+00:00,34,12,DTE Staff,1,1,1449,1202,-200.0,-91.0,1,09:10:35.039686
2024-10-23 09:10:50.896837+00:00,34,13,DTE Student,4,11,1449,1202,-44.0,-200.0,1,09:10:50.896837
2024-10-23 09:10:55.585805400+00:00,34,13,DTE Staff,3,11,1449,1202,-45.0,-200.0,1,09:10:55.585805
2024-10-23 09:10:56.926432+00:00,34,13,DTE Staff,2,1,1449,1202,-200.0,-91.0,1,09:10:56.926432
2024-10-23 09:10:59.994782100+00:00,34,13,DTE Staff,1,1,1449,1202,-200.0,-93.0,1,09:10:59.994782
2024-10-23 09:11:16.278951300+00:00,34,14,DTE Staff,3,11,1449,1202,-45.0,-200.0,1,09:11:16.278951
2024-10-23 09:11:19.350427200+00:00,34,14,DTE Student,4,11,1449,1202,-45.0,-200.0,1,09:11:19.350427
2024-10-23 09:11:22.315636800+00:00,34,14,DTE Staff,1,1,1449,1202,-200.0,-90.0,1,09:11:22.315636
2024-10-23 09:11:25.383020+00:00,34,14,DTE Staff,2,1,1449,1202,-200.0,-91.0,1,09:11:25.383020
2024-10-23 09:11:41.567331100+00:00,34,15,DTE Student,4,11,1449,1202,-47.0,-200.0,1,09:11:41.567331
2024-10-23 09:11:44.641679+00:00,34,15,DTE Staff,3,11,1449,1202,-48.0,-200.0,1,09:11:44.641679
2024-10-23 09:11:47.622407100+00:00,34,15,DTE Staff,1,1,1449,1202,-200.0,-88.0,1,09:11:47.622407
2024-10-23 09:11:52.305357600+00:00,34,15,DTE Staff,2,1,1449,1202,-200.0,-90.0,1,09:11:52.305357
2024-10-23 09:12:07.688238300+00:00,34,16,DTE Student,4,11,1449,1202,-46.0,-200.0,1,09:12:07.688238
2024-10-23 09:12:10.750078100+00:00,34,16,DTE Staff,3,11,1449,1202,-46.0,-200.0,1,09:12:10.750078
2024-10-23 09:12:13.721258600+00:00,34,16,DTE Staff,2,1,1449,1202,-200.0,-92.0,1,09:12:13.721258
2024-10-23 09:12:16.694522600+00:00,34,16,DTE Staff,1,1,1449,1202,-200.0,-94.0,1,09:12:16.694522
2024-10-23 09:12:34.202387600+00:00,34,17,DTE Staff,3,11,1449,1202,-49.0,-200.0,1,09:12:34.202387
2024-10-23 09:12:37.276509500+00:00,34,17,DTE Student,4,11,1449,1202,-50.0,-200.0,1,09:12:37.276509
2024-10-23 09:12:40.246830100+00:00,34,17,DTE Staff,2,1,1449,1202,-200.0,-92.0,1,09:12:40.246830
2024-10-23 09:12:43.323884700+00:00,34,17,DTE Staff,1,1,1449,1202,-200.0,-93.0,1,09:12:43.323884
2024-10-23 09:12:59.653594800+00:00,34,18,DTE Student,4,11,1449,1202,-49.0,-200.0,1,09:12:59.653594
2024-10-23 09:13:02.773305+00:00,34,18,DTE Staff,3,11,1449,1202,-49.0,-200.0,1,09:13:02.773305
2024-10-23 09:13:05.721655400+00:00,34,18,DTE Staff,2,1,1449,1202,-200.0,-94.0,1,09:13:05.721655
2024-10-23 09:13:08.713716800+00:00,34,18,DTE Staff,1,1,1449,1202,-200.0,-95.0,1,09:13:08.713716
2024-10-23 09:13:25.201474+00:00,34,19,DTE Staff,3,11,1449,1202,-48.0,-200.0,1,09:13:25.201474
2024-10-23 09:13:28.293170800+00:00,34,19,DTE Student,4,11,1449,1202,-48.0,-200.0,1,09:13:28.293170
2024-10-23 09:13:31.242356200+00:00,34,19,DTE Staff,1,1,1449,1202,-200.0,-91.0,1,09:13:31.242356
2024-10-23 09:13:34.204092700+00:00,34,19,DTE Staff,2,1,1449,1202,-200.0,-92.0,1,09:13:34.204092
2024-10-23 09:13:50.487726600+00:00,34,20,DTE Student,4,11,1449,1202,-47.0,-200.0,1,09:13:50.487726
2024-10-23 09:13:53.563366700+00:00,34,20,DTE Staff,3,11,1449,1202,-47.0,-200.0,1,09:13:53.563366
2024-10-23 09:13:56.538683200+00:00,34,20,DTE Staff,1,1,1449,1202,-200.0,-89.0,1,09:13:56.538683
2024-10-23 09:13:59.702776700+00:00,34,20,DTE Staff,2,1,1449,1202,-200.0,-89.0,1,09:13:59.702776
2025-02-25 04:16:48.086704200+00:00,119,1,DTE Student,4,1,1520,639,-62.0,-200.0,0,04:16:48.086704
2025-02-25 04:16:51.222056400+00:00,119,1,DTE Staff,3,1,1520,639,-62.0,-200.0,0,04:16:51.222056
2025-02-25 04:16:54.222952700+00:00,119,1,DTE Staff,1,11,1520,639,-200.0,-78.0,0,04:16:54.222952
2025-02-25 04:16:57.561903400+00:00,119,1,DTE Staff,2,11,1520,639,-200.0,-78.0,0,04:16:57.561903
2025-02-25 04:17:14.188182100+00:00,119,2,DTE Staff,3,1,1520,639,-58.0,-200.0,0,04:17:14.188182
2025-02-25 04:17:16.432044100+00:00,119,2,DTE Student,4,1,1520,639,-58.0,-200.0,0,04:17:16.432044
2025-02-25 04:17:19.134612800+00:00,119,2,DTE Staff,1,11,1520,639,-200.0,-76.0,0,04:17:19.134612
2025-02-25 04:17:22.204771100+00:00,119,2,DTE Staff,2,11,1520,639,-200.0,-77.0,0,04:17:22.204771
2025-02-25 04:17:40.748619+00:00,119,3,DTE Staff,3,1,1520,639,-62.0,-200.0,0,04:17:40.748619
2025-02-25 04:17:43.550257800+00:00,119,3,DTE Student,4,1,1520,639,-63.0,-200.0,0,04:17:43.550257
2025-02-25 04:17:46.504418300+00:00,119,3,DTE Staff,1,11,1520,639,-200.0,-76.0,0,04:17:46.504418
2025-02-25 04:18:03.128720100+00:00,119,4,DTE Student,4,1,1520,639,-59.0,-200.0,0,04:18:03.128720
2025-02-25 04:18:06.584644800+00:00,119,4,DTE Staff,3,1,1520,639,-60.0,-200.0,0,04:18:06.584644
2025-02-25 04:18:09.977623500+00:00,119,4,DTE Staff,2,11,1520,639,-200.0,-76.0,0,04:18:09.977623
2025-02-25 04:18:12.385299300+00:00,119,4,DTE Staff,1,11,1520,639,-200.0,-78.0,0,04:18:12.385299
2025-02-25 04:18:29.131086600+00:00,119,5,DTE Student,4,1,1520,639,-59.0,-200.0,0,04:18:29.131086
2025-02-25 04:18:32.187483400+00:00,119,5,DTE Staff,3,1,1520,639,-59.0,-200.0,0,04:18:32.187483
2025-02-25 04:18:35.251860500+00:00,119,5,DTE Staff,2,11,1520,639,-200.0,-77.0,0,04:18:35.251860
2025-02-25 04:18:38.403402400+00:00,119,5,DTE Staff,1,11,1520,639,-200.0,-78.0,0,04:18:38.403402
2025-02-25 04:18:54.818790900+00:00,119,6,DTE Staff,3,1,1520,639,-59.0,-200.0,0,04:18:54.818790
2025-02-25 04:18:57.962813700+00:00,119,6,DTE Student,4,1,1520,639,-59.0,-200.0,0,04:18:57.962813
2025-02-25 04:19:00.864049300+00:00,119,6,DTE Staff,1,11,1520,639,-200.0,-76.0,0,04:19:00.864049
2025-02-25 04:19:17.771712700+00:00,119,7,DTE Staff,3,1,1520,639,-65.0,-200.0,0,04:19:17.771712
2025-02-25 04:19:20.726045700+00:00,119,7,DTE Student,4,1,1520,639,-65.0,-200.0,0,04:19:20.726045
2025-02-25 04:19:23.629508600+00:00,119,7,DTE Staff,1,11,1520,639,-200.0,-74.0,0,04:19:23.629508
2025-02-25 04:19:26.758683600+00:00,119,7,DTE Staff,2,11,1520,639,-200.0,-77.0,0,04:19:26.758683
2025-02-25 04:19:44.920264+00:00,119,8,DTE Staff,3,1,1520,639,-64.0,-200.0,0,04:19:44.920264
2025-02-25 04:19:48.321673600+00:00,119,8,DTE Student,4,1,1520,639,-64.0,-200.0,0,04:19:48.321673
2025-02-25 04:19:50.988446500+00:00,119,8,DTE Staff,2,11,1520,639,-200.0,-78.0,0,04:19:50.988446
2025-02-25 04:19:53.894426+00:00,119,8,DTE Staff,1,11,1520,639,-200.0,-79.0,0,04:19:53.894426
2025-02-25 04:20:10.401564800+00:00,119,9,DTE Student,4,1,1520,639,-63.0,-200.0,0,04:20:10.401564
2025-02-25 04:20:13.456103400+00:00,119,9,DTE Staff,3,1,1520,639,-64.0,-200.0,0,04:20:13.456103
2025-02-25 04:20:16.438924700+00:00,119,9,DTE Staff,1,11,1520,639,-200.0,-75.0,0,04:20:16.438924
2025-02-25 04:20:19.401602900+00:00,119,9,DTE Staff,2,11,1520,639,-200.0,-78.0,0,04:20:19.401602
2025-02-25 04:20:37.049474+00:00,119,10,DTE Student,4,1,1520,639,-60.0,-200.0,0,04:20:37.049474
2025-02-25 04:20:39.981510100+00:00,119,10,DTE Staff,3,1,1520,639,-62.0,-200.0,0,04:20:39.981510
2025-02-25 04:20:43.473760900+00:00,119,10,DTE Staff,2,11,1520,639,-200.0,-75.0,0,04:20:43.473760
2025-02-25 04:20:46.133542400+00:00,119,10,DTE Staff,1,11,1520,639,-200.0,-79.0,0,04:20:46.133542
2025-02-25 04:21:03.300107800+00:00,119,11,DTE Staff,3,1,1520,639,-61.0,-200.0,0,04:21:03.300107
2025-02-25 04:21:06.273779200+00:00,119,11,DTE Student,4,1,1520,639,-62.0,-200.0,0,04:21:06.273779
2025-02-25 04:21:09.284279200+00:00,119,11,DTE Staff,2,11,1520,639,-200.0,-77.0,0,04:21:09.284279
2025-02-25 04:21:12.754592100+00:00,119,11,DTE Staff,1,11,1520,639,-200.0,-78.0,0,04:21:12.754592
2025-02-25 04:21:29.304987300+00:00,119,12,DTE Student,4,1,1520,639,-57.0,-200.0,0,04:21:29.304987
2025-02-25 04:21:31.939666500+00:00,119,12,DTE Staff,3,1,1520,639,-57.0,-200.0,0,04:21:31.939666
2025-02-25 04:21:34.870484900+00:00,119,12,DTE Staff,2,11,1520,639,-200.0,-76.0,0,04:21:34.870484
2025-02-25 04:21:51.940981800+00:00,119,13,DTE Staff,3,1,1520,639,-59.0,-200.0,0,04:21:51.940981
2025-02-25 04:21:54.739865600+00:00,119,13,DTE Student,4,1,1520,639,-59.0,-200.0,0,04:21:54.739865
2025-02-25 04:21:57.950620200+00:00,119,13,DTE Staff,1,11,1520,639,-200.0,-79.0,0,04:21:57.950620
2025-02-25 04:22:15.129115500+00:00,119,14,DTE Student,4,1,1520,639,-59.0,-200.0,0,04:22:15.129115
2025-02-25 04:22:18.015357500+00:00,119,14,DTE Staff,3,1,1520,639,-59.0,-200.0,0,04:22:18.015357
2025-02-25 04:22:21.027650400+00:00,119,14,DTE Staff,2,11,1520,639,-200.0,-79.0,0,04:22:21.027650
2025-02-25 04:22:24.125541200+00:00,119,14,DTE Staff,1,11,1520,639,-200.0,-79.0,0,04:22:24.125541
2025-02-25 04:22:40.891868+00:00,119,15,DTE Student,4,1,1520,639,-67.0,-200.0,0,04:22:40.891868
2025-02-25 04:22:43.382503400+00:00,119,15,DTE Staff,3,1,1520,639,-67.0,-200.0,0,04:22:43.382503
2025-02-25 04:22:46.447810800+00:00,119,15,DTE Staff,1,11,1520,639,-200.0,-78.0,0,04:22:46.447810
2025-02-25 04:22:49.422013400+00:00,119,15,DTE Staff,2,11,1520,639,-200.0,-78.0,0,04:22:49.422013
2025-02-25 04:23:05.895565100+00:00,119,16,DTE Staff,3,1,1520,639,-65.0,-200.0,0,04:23:05.895565
2025-02-25 04:23:08.866353+00:00,119,16,DTE Student,4,1,1520,639,-65.0,-200.0,0,04:23:08.866353
2025-02-25 04:23:11.833540400+00:00,119,16,DTE Staff,1,11,1520,639,-200.0,-78.0,0,04:23:11.833540
2025-02-25 04:23:15.591604600+00:00,119,16,DTE Staff,2,11,1520,639,-200.0,-78.0,0,04:23:15.591604
2025-02-25 04:23:38.289253300+00:00,119,17,DTE Student,4,1,1520,639,-67.0,-200.0,0,04:23:38.289253
2025-02-25 04:23:41.714724300+00:00,119,17,DTE Staff,3,1,1520,639,-68.0,-200.0,0,04:23:41.714724
2025-02-25 04:23:44.409199700+00:00,119,17,DTE Staff,1,11,1520,639,-200.0,-76.0,0,04:23:44.409199
2025-02-25 04:24:02.898778100+00:00,119,18,DTE Student,4,1,1520,639,-69.0,-200.0,0,04:24:02.898778
2025-02-25 04:24:05.912680100+00:00,119,18,DTE Staff,3,1,1520,639,-69.0,-200.0,0,04:24:05.912680
2025-02-25 04:24:08.921196300+00:00,119,18,DTE Staff,2,11,1520,639,-200.0,-75.0,0,04:24:08.921196
2025-02-25 04:24:11.936143300+00:00,119,18,DTE Staff,1,11,1520,639,-200.0,-76.0,0,04:24:11.936143
2025-02-25 04:24:33.566822400+00:00,119,19,DTE Student,4,1,1520,639,-65.0,-200.0,0,04:24:33.566822
2025-02-25 04:24:36.734418100+00:00,119,19,DTE Staff,3,1,1520,639,-65.0,-200.0,0,04:24:36.734418
2025-02-25 04:24:39.607219+00:00,119,19,DTE Staff,2,11,1520,639,-200.0,-77.0,0,04:24:39.607219
2025-02-25 04:24:42.979479+00:00,119,19,DTE Staff,1,11,1520,639,-200.0,-77.0,0,04:24:42.979479
2025-02-25 04:24:59.210146200+00:00,119,20,DTE Staff,3,1,1520,639,-61.0,-200.0,0,04:24:59.210146
2025-02-25 04:25:02.298151300+00:00,119,20,DTE Student,4,1,1520,639,-62.0,-200.0,0,04:25:02.298151
2025-02-25 04:25:05.474915600+00:00,119,20,DTE Staff,1,11,1520,639,-200.0,-78.0,0,04:25:05.474915
2025-02-25 04:25:08.384443900+00:00,119,20,DTE Staff,2,11,1520,639,-200.0,-79.0,0,04:25:08.384443
2025-03-01 00:30:53.356236200+00:00,54,1,DTE Staff,3,1,1479,1567,-69.0,-200.0,0,00:30:53.356236
2025-03-01 00:30:58.384553100+00:00,54,1,DTE Student,4,1,1479,1567,-70.0,-200.0,0,00:30:58.384553
2025-03-01 00:30:59.396264800+00:00,54,1,DTE Staff,1,11,1479,1567,-200.0,-95.0,0,00:30:59.396264
2025-03-01 00:31:15.059785800+00:00,54,2,DTE Staff,3,1,1479,1567,-74.0,-200.0,0,00:31:15.059785
2025-03-01 00:31:18.068015+00:00,54,2,DTE Student,4,1,1479,1567,-78.0,-200.0,0,00:31:18.068015
2025-03-01 00:31:21.100927600+00:00,54,2,DTE Staff,2,11,1479,1567,-200.0,-92.0,0,00:31:21.100927
2025-03-01 00:31:36.883214+00:00,54,3,DTE Staff,3,1,1479,1567,-73.0,-200.0,0,00:31:36.883214
2025-03-01 00:31:39.944377500+00:00,54,3,DTE Student,4,1,1479,1567,-74.0,-200.0,0,00:31:39.944377
2025-03-01 00:31:55.950386200+00:00,54,4,DTE Student,4,1,1479,1567,-68.0,-200.0,0,00:31:55.950386
2025-03-01 00:31:58.988069100+00:00,54,4,DTE Staff,3,1,1479,1567,-71.0,-200.0,0,00:31:58.988069
2025-03-01 00:32:01.962959300+00:00,54,4,DTE Staff,2,11,1479,1567,-200.0,-95.0,0,00:32:01.962959
2025-03-01 00:32:17.736820500+00:00,54,5,DTE Staff,3,1,1479,1567,-74.0,-200.0,0,00:32:17.736820
2025-03-01 00:32:20.802751500+00:00,54,5,DTE Student,4,1,1479,1567,-74.0,-200.0,0,00:32:20.802751
2025-03-01 00:32:36.480888100+00:00,54,6,DTE Staff,3,1,1479,1567,-72.0,-200.0,0,00:32:36.480888
2025-03-01 00:32:39.544625400+00:00,54,6,DTE Student,4,1,1479,1567,-75.0,-200.0,0,00:32:39.544625
2025-03-01 00:33:02.392290300+00:00,54,7,DTE Staff,3,1,1479,1567,-72.0,-200.0,0,00:33:02.392290
2025-03-01 00:33:05.451662500+00:00,54,7,DTE Student,4,1,1479,1567,-75.0,-200.0,0,00:33:05.451662
2025-03-01 00:33:21.223030500+00:00,54,8,DTE Staff,3,1,1479,1567,-72.0,-200.0,0,00:33:21.223030
2025-03-01 00:33:24.191647200+00:00,54,8,DTE Student,4,1,1479,1567,-74.0,-200.0,0,00:33:24.191647
2025-03-01 00:33:39.776320900+00:00,54,9,DTE Student,4,1,1479,1567,-73.0,-200.0,0,00:33:39.776320
2025-03-01 00:33:42.797876900+00:00,54,9,DTE Staff,3,1,1479,1567,-75.0,-200.0,0,00:33:42.797876
2025-03-01 00:33:59.053278200+00:00,54,10,DTE Student,4,1,1479,1567,-73.0,-200.0,0,00:33:59.053278
2025-03-01 00:34:02.069931300+00:00,54,10,DTE Staff,3,1,1479,1567,-75.0,-200.0,0,00:34:02.069931
2025-03-01 00:34:05.081714200+00:00,54,10,DTE Staff,1,11,1479,1567,-200.0,-91.0,0,00:34:05.081714
2025-03-01 00:34:08.113411800+00:00,54,10,DTE Staff,2,11,1479,1567,-200.0,-92.0,0,00:34:08.113411
2025-03-01 00:34:23.680414900+00:00,54,11,DTE Staff,3,1,1479,1567,-71.0,-200.0,0,00:34:23.680414
2025-03-01 00:34:26.687972400+00:00,54,11,DTE Student,4,1,1479,1567,-73.0,-200.0,0,00:34:26.687972
2025-03-01 00:34:29.729420400+00:00,54,11,DTE Staff,2,11,1479,1567,-200.0,-91.0,0,00:34:29.729420
2025-03-01 00:34:45.282750+00:00,54,12,DTE Student,4,1,1479,1567,-71.0,-200.0,0,00:34:45.282750
2025-03-01 00:34:48.294839900+00:00,54,12,DTE Staff,3,1,1479,1567,-72.0,-200.0,0,00:34:48.294839
2025-03-01 00:35:03.932372500+00:00,54,13,DTE Student,4,1,1479,1567,-71.0,-200.0,0,00:35:03.932372
2025-03-01 00:35:06.998467200+00:00,54,13,DTE Staff,3,1,1479,1567,-72.0,-200.0,0,00:35:06.998467
2025-03-01 00:35:09.966771900+00:00,54,13,DTE Staff,1,11,1479,1567,-200.0,-88.0,0,00:35:09.966771
2025-03-01 00:35:13.037948600+00:00,54,13,DTE Staff,2,11,1479,1567,-200.0,-91.0,0,00:35:13.037948
2025-03-01 00:35:30.250180400+00:00,54,14,DTE Staff,3,1,1479,1567,-73.0,-200.0,0,00:35:30.250180
2025-03-01 00:35:33.252286300+00:00,54,14,DTE Student,4,1,1479,1567,-78.0,-200.0,0,00:35:33.252286
2025-03-01 00:35:36.298398400+00:00,54,14,DTE Staff,1,11,1479,1567,-200.0,-87.0,0,00:35:36.298398
2025-03-01 00:35:52.055992100+00:00,54,15,DTE Staff,3,1,1479,1567,-79.0,-200.0,0,00:35:52.055992
2025-03-01 00:35:55.126803900+00:00,54,15,DTE Student,4,1,1479,1567,-80.0,-200.0,0,00:35:55.126803
2025-03-01 00:35:58.096709600+00:00,54,15,DTE Staff,2,11,1479,1567,-200.0,-91.0,0,00:35:58.096709
2025-03-01 00:36:01.173052700+00:00,54,15,DTE Staff,1,11,1479,1567,-200.0,-94.0,0,00:36:01.173052
2025-03-01 00:36:16.833412300+00:00,54,16,DTE Student,4,1,1479,1567,-71.0,-200.0,0,00:36:16.833412
2025-03-01 00:36:19.806074700+00:00,54,16,DTE Staff,3,1,1479,1567,-73.0,-200.0,0,00:36:19.806074
2025-03-01 00:36:35.683232200+00:00,54,17,DTE Staff,3,1,1479,1567,-72.0,-200.0,0,00:36:35.683232
2025-03-01 00:36:38.749994900+00:00,54,17,DTE Student,4,1,1479,1567,-73.0,-200.0,0,00:36:38.749994
2025-03-01 00:36:54.519808500+00:00,54,18,DTE Student,4,1,1479,1567,-70.0,-200.0,0,00:36:54.519808
2025-03-01 00:36:57.491231600+00:00,54,18,DTE Staff,3,1,1479,1567,-71.0,-200.0,0,00:36:57.491231
2025-03-01 00:37:14.183752900+00:00,54,19,DTE Student,4,1,1479,1567,-68.0,-200.0,0,00:37:14.183752
2025-03-01 00:37:17.251323800+00:00,54,19,DTE Staff,3,1,1479,1567,-68.0,-200.0,0,00:37:17.251323
2025-03-01 00:37:33.130631800+00:00,54,20,DTE Staff,3,1,1479,1567,-73.0,-200.0,0,00:37:33.130631
2025-03-01 00:37:36.099198200+00:00,54,20,DTE Student,4,1,1479,1567,-75.0,-200.0,0,00:37:36.099198
2025-03-01 00:37:39.166460100+00:00,54,20,DTE Staff,1,11,1479,1567,-200.0,-87.0,0,00:37:39.166460
2025-03-01 01:58:50.362529800+00:00,81,1,DTE Student,4,1,2000,639,-61.0,-200.0,0,01:58:50.362529
2025-03-01 01:58:53.438250900+00:00,81,1,DTE Staff,3,1,2000,639,-61.0,-200.0,0,01:58:53.438250
2025-03-01 01:58:56.401753500+00:00,81,1,DTE Staff,1,11,2000,639,-200.0,-79.0,0,01:58:56.401753
2025-03-01 01:58:59.479788100+00:00,81,1,DTE Staff,2,11,2000,639,-200.0,-80.0,0,01:58:59.479788
2025-03-01 01:59:18.227677900+00:00,81,2,DTE Student,4,1,2000,639,-60.0,-200.0,0,01:59:18.227677
2025-03-01 01:59:21.391118100+00:00,81,2,DTE Staff,3,1,2000,639,-60.0,-200.0,0,01:59:21.391118
2025-03-01 01:59:24.259940700+00:00,81,2,DTE Staff,2,11,2000,639,-200.0,-76.0,0,01:59:24.259940
2025-03-01 01:59:27.335825500+00:00,81,2,DTE Staff,1,11,2000,639,-200.0,-77.0,0,01:59:27.335825
2025-03-01 01:59:43.103234400+00:00,81,3,DTE Staff,3,1,2000,639,-59.0,-200.0,0,01:59:43.103234
2025-03-01 01:59:46.392051700+00:00,81,3,DTE Student,4,1,2000,639,-60.0,-200.0,0,01:59:46.392051
2025-03-01 01:59:49.143788600+00:00,81,3,DTE Staff,2,11,2000,639,-200.0,-77.0,0,01:59:49.143788
2025-03-01 01:59:52.112596900+00:00,81,3,DTE Staff,1,11,2000,639,-200.0,-77.0,0,01:59:52.112596
2025-03-01 02:00:08.910668500+00:00,81,4,DTE Student,4,1,2000,639,-59.0,-200.0,0,02:00:08.910668
2025-03-01 02:00:11.877160900+00:00,81,4,DTE Staff,3,1,2000,639,-60.0,-200.0,0,02:00:11.877160
2025-03-01 02:00:14.945212700+00:00,81,4,DTE Staff,1,11,2000,639,-200.0,-76.0,0,02:00:14.945212
2025-03-01 02:00:17.881568300+00:00,81,4,DTE Staff,2,11,2000,639,-200.0,-77.0,0,02:00:17.881568
2025-03-01 02:00:34.101222200+00:00,81,5,DTE Student,4,1,2000,639,-60.0,-200.0,0,02:00:34.101222
2025-03-01 02:00:37.071819200+00:00,81,5,DTE Staff,3,1,2000,639,-60.0,-200.0,0,02:00:37.071819
2025-03-01 02:00:40.136491700+00:00,81,5,DTE Staff,1,11,2000,639,-200.0,-77.0,0,02:00:40.136491
2025-03-01 02:00:43.109531800+00:00,81,5,DTE Staff,2,11,2000,639,-200.0,-81.0,0,02:00:43.109531
2025-03-01 02:00:59.104510+00:00,81,6,DTE Staff,3,1,2000,639,-60.0,-200.0,0,02:00:59.104510
2025-03-01 02:01:02.154503900+00:00,81,6,DTE Student,4,1,2000,639,-61.0,-200.0,0,02:01:02.154503
2025-03-01 02:01:05.121029700+00:00,81,6,DTE Staff,2,11,2000,639,-200.0,-76.0,0,02:01:05.121029
2025-03-01 02:01:08.196803600+00:00,81,6,DTE Staff,1,11,2000,639,-200.0,-78.0,0,02:01:08.196803
2025-03-01 02:01:26.729295500+00:00,81,7,DTE Staff,3,1,2000,639,-60.0,-200.0,0,02:01:26.729295
2025-03-01 02:01:33.697356400+00:00,81,7,DTE Student,4,1,2000,639,-61.0,-200.0,0,02:01:33.697356
2025-03-01 02:01:33.914334200+00:00,81,7,DTE Staff,1,11,2000,639,-200.0,-77.0,0,02:01:33.914334
2025-03-01 02:01:35.737409800+00:00,81,7,DTE Staff,2,11,2000,639,-200.0,-78.0,0,02:01:35.737409
2025-03-01 02:01:52.123305+00:00,81,8,DTE Student,4,1,2000,639,-60.0,-200.0,0,02:01:52.123305
2025-03-01 02:01:55.096349800+00:00,81,8,DTE Staff,3,1,2000,639,-60.0,-200.0,0,02:01:55.096349
2025-03-01 02:01:58.163742100+00:00,81,8,DTE Staff,1,11,2000,639,-200.0,-75.0,0,02:01:58.163742
2025-03-01 02:02:01.138647700+00:00,81,8,DTE Staff,2,11,2000,639,-200.0,-83.0,0,02:02:01.138647
2025-03-01 02:02:17.521652+00:00,81,9,DTE Student,4,1,2000,639,-60.0,-200.0,0,02:02:17.521652
2025-03-01 02:02:20.594715400+00:00,81,9,DTE Staff,3,1,2000,639,-60.0,-200.0,0,02:02:20.594715
2025-03-01 02:02:23.562121800+00:00,81,9,DTE Staff,2,11,2000,639,-200.0,-77.0,0,02:02:23.562121
2025-03-01 02:02:26.530062900+00:00,81,9,DTE Staff,1,11,2000,639,-200.0,-82.0,0,02:02:26.530062
2025-03-01 02:02:45.603980400+00:00,81,10,DTE Student,4,1,2000,639,-59.0,-200.0,0,02:02:45.603980
2025-03-01 02:02:48.656699600+00:00,81,10,DTE Staff,3,1,2000,639,-60.0,-200.0,0,02:02:48.656699
2025-03-01 02:02:51.723645500+00:00,81,10,DTE Staff,2,11,2000,639,-200.0,-77.0,0,02:02:51.723645
2025-03-01 02:02:54.798325600+00:00,81,10,DTE Staff,1,11,2000,639,-200.0,-77.0,0,02:02:54.798325
2025-03-01 02:03:11.281295100+00:00,81,11,DTE Staff,3,1,2000,639,-59.0,-200.0,0,02:03:11.281295
2025-03-01 02:03:14.247283900+00:00,81,11,DTE Student,4,1,2000,639,-59.0,-200.0,0,02:03:14.247283
2025-03-01 02:03:17.323750+00:00,81,11,DTE Staff,2,11,2000,639,-200.0,-77.0,0,02:03:17.323750
2025-03-01 02:03:20.290655200+00:00,81,11,DTE Staff,1,11,2000,639,-200.0,-78.0,0,02:03:20.290655
2025-03-01 02:03:36.473667+00:00,81,12,DTE Student,4,1,2000,639,-60.0,-200.0,0,02:03:36.473667
2025-03-01 02:03:39.422641300+00:00,81,12,DTE Staff,3,1,2000,639,-60.0,-200.0,0,02:03:39.422641
2025-03-01 02:03:42.507955100+00:00,81,12,DTE Staff,1,11,2000,639,-200.0,-76.0,0,02:03:42.507955
2025-03-01 02:03:45.479500800+00:00,81,12,DTE Staff,2,11,2000,639,-200.0,-77.0,0,02:03:45.479500
2025-03-01 02:04:01.765083900+00:00,81,13,DTE Staff,3,1,2000,639,-60.0,-200.0,0,02:04:01.765083
2025-03-01 02:04:04.842869+00:00,81,13,DTE Student,4,1,2000,639,-61.0,-200.0,0,02:04:04.842869
2025-03-01 02:04:07.774804500+00:00,81,13,DTE Staff,1,11,2000,639,-200.0,-78.0,0,02:04:07.774804
2025-03-01 02:04:10.799593900+00:00,81,13,DTE Staff,2,11,2000,639,-200.0,-84.0,0,02:04:10.799593
2025-03-01 02:04:29.965627500+00:00,81,14,DTE Staff,3,1,2000,639,-60.0,-200.0,0,02:04:29.965627
2025-03-01 02:04:35.352541+00:00,81,14,DTE Student,4,1,2000,639,-60.0,-200.0,0,02:04:35.352541
2025-03-01 02:04:36.067748800+00:00,81,14,DTE Staff,1,11,2000,639,-200.0,-77.0,0,02:04:36.067748
2025-03-01 02:04:39.038605800+00:00,81,14,DTE Staff,2,11,2000,639,-200.0,-77.0,0,02:04:39.038605
2025-03-01 02:04:55.155279300+00:00,81,15,DTE Student,4,1,2000,639,-59.0,-200.0,0,02:04:55.155279
2025-03-01 02:04:58.188495300+00:00,81,15,DTE Staff,3,1,2000,639,-60.0,-200.0,0,02:04:58.188495
2025-03-01 02:05:01.363608+00:00,81,15,DTE Staff,2,11,2000,639,-200.0,-77.0,0,02:05:01.363608
2025-03-01 02:05:04.227357+00:00,81,15,DTE Staff,1,11,2000,639,-200.0,-78.0,0,02:05:04.227357
2025-03-01 02:05:19.899472500+00:00,81,16,DTE Staff,3,1,2000,639,-62.0,-200.0,0,02:05:19.899472
2025-03-01 02:05:22.968790500+00:00,81,16,DTE Student,4,1,2000,639,-62.0,-200.0,0,02:05:22.968790
2025-03-01 02:05:26.041694100+00:00,81,16,DTE Staff,2,11,2000,639,-200.0,-77.0,0,02:05:26.041694
2025-03-01 02:05:28.904849+00:00,81,16,DTE Staff,1,11,2000,639,-200.0,-77.0,0,02:05:28.904849
2025-03-01 02:05:45.294215900+00:00,81,17,DTE Staff,3,1,2000,639,-60.0,-200.0,0,02:05:45.294215
2025-03-01 02:05:48.259232+00:00,81,17,DTE Student,4,1,2000,639,-60.0,-200.0,0,02:05:48.259232
2025-03-01 02:05:51.350226+00:00,81,17,DTE Staff,1,11,2000,639,-200.0,-76.0,0,02:05:51.350226
2025-03-01 02:05:54.299881100+00:00,81,17,DTE Staff,2,11,2000,639,-200.0,-78.0,0,02:05:54.299881
2025-03-01 02:06:10.810937300+00:00,81,18,DTE Staff,3,1,2000,639,-60.0,-200.0,0,02:06:10.810937
2025-03-01 02:06:13.660699+00:00,81,18,DTE Student,4,1,2000,639,-60.0,-200.0,0,02:06:13.660699
2025-03-01 02:06:16.629197600+00:00,81,18,DTE Staff,2,11,2000,639,-200.0,-77.0,0,02:06:16.629197
2025-03-01 02:06:19.594508100+00:00,81,18,DTE Staff,1,11,2000,639,-200.0,-77.0,0,02:06:19.594508
2025-03-01 02:06:38.335690100+00:00,81,19,DTE Student,4,1,2000,639,-60.0,-200.0,0,02:06:38.335690
2025-03-01 02:06:44.171529600+00:00,81,19,DTE Staff,3,1,2000,639,-60.0,-200.0,0,02:06:44.171529
2025-03-01 02:06:46.629839700+00:00,81,19,DTE Staff,2,11,2000,639,-200.0,-77.0,0,02:06:46.629839
2025-03-01 02:06:47.350752300+00:00,81,19,DTE Staff,1,11,2000,639,-200.0,-77.0,0,02:06:47.350752
2025-03-01 02:07:03.118166300+00:00,81,20,DTE Staff,3,1,2000,639,-61.0,-200.0,0,02:07:03.118166
2025-03-01 02:07:06.187006300+00:00,81,20,DTE Student,4,1,2000,639,-61.0,-200.0,0,02:07:06.187006
2025-03-01 02:07:09.159163800+00:00,81,20,DTE Staff,2,11,2000,639,-200.0,-77.0,0,02:07:09.159163
2025-03-01 02:07:12.129730200+00:00,81,20,DTE Staff,1,11,2000,639,-200.0,-77.0,0,02:07:12.129730
2025-03-01 03:41:42.872145100+00:00,64,1,DTE Staff,3,1,1826,1567,-70.0,-200.0,0,03:41:42.872145
2025-03-01 03:41:45.943397200+00:00,64,1,DTE Student,4,1,1826,1567,-70.0,-200.0,0,03:41:45.943397
2025-03-01 03:41:49.118796300+00:00,64,1,DTE Staff,1,11,1826,1567,-200.0,-87.0,0,03:41:49.118796
2025-03-01 03:41:51.991173900+00:00,64,1,DTE Staff,2,11,1826,1567,-200.0,-88.0,0,03:41:51.991173
2025-03-01 03:42:09.901590300+00:00,64,2,DTE Student,4,1,1826,1567,-69.0,-200.0,0,03:42:09.901590
2025-03-01 03:42:12.919697+00:00,64,2,DTE Staff,3,1,1826,1567,-69.0,-200.0,0,03:42:12.919697
2025-03-01 03:42:15.947382400+00:00,64,2,DTE Staff,1,11,1826,1567,-200.0,-87.0,0,03:42:15.947382
2025-03-01 03:42:18.913305500+00:00,64,2,DTE Staff,2,11,1826,1567,-200.0,-88.0,0,03:42:18.913305
2025-03-01 03:42:35.103580200+00:00,64,3,DTE Student,4,1,1826,1567,-67.0,-200.0,0,03:42:35.103580
2025-03-01 03:42:38.063768+00:00,64,3,DTE Staff,3,1,1826,1567,-68.0,-200.0,0,03:42:38.063768
2025-03-01 03:42:41.136693900+00:00,64,3,DTE Staff,1,11,1826,1567,-200.0,-85.0,0,03:42:41.136693
2025-03-01 03:42:44.107609300+00:00,64,3,DTE Staff,2,11,1826,1567,-200.0,-86.0,0,03:42:44.107609
2025-03-01 03:43:00.497291100+00:00,64,4,DTE Staff,3,1,1826,1567,-69.0,-200.0,0,03:43:00.497291
2025-03-01 03:43:05.606558+00:00,64,4,DTE Student,4,1,1826,1567,-69.0,-200.0,0,03:43:05.606558
2025-03-01 03:43:06.528067900+00:00,64,4,DTE Staff,2,11,1826,1567,-200.0,-88.0,0,03:43:06.528067
2025-03-01 03:43:09.506263800+00:00,64,4,DTE Staff,1,11,1826,1567,-200.0,-89.0,0,03:43:09.506263
2025-03-01 03:43:25.472339300+00:00,64,5,DTE Student,4,1,1826,1567,-68.0,-200.0,0,03:43:25.472339
2025-03-01 03:43:28.547693100+00:00,64,5,DTE Staff,3,1,1826,1567,-70.0,-200.0,0,03:43:28.547693
2025-03-01 03:43:31.516011300+00:00,64,5,DTE Staff,1,11,1826,1567,-200.0,-88.0,0,03:43:31.516011
2025-03-01 03:43:34.488679+00:00,64,5,DTE Staff,2,11,1826,1567,-200.0,-88.0,0,03:43:34.488679
2025-03-01 03:43:50.231571900+00:00,64,6,DTE Student,4,1,1826,1567,-68.0,-200.0,0,03:43:50.231571
2025-03-01 03:43:53.330316400+00:00,64,6,DTE Staff,3,1,1826,1567,-69.0,-200.0,0,03:43:53.330316
2025-03-01 03:43:56.298023800+00:00,64,6,DTE Staff,1,11,1826,1567,-200.0,-87.0,0,03:43:56.298023
2025-03-01 03:44:01.007751900+00:00,64,6,DTE Staff,2,11,1826,1567,-200.0,-88.0,0,03:44:01.007751
2025-03-01 03:44:15.141263200+00:00,64,7,DTE Staff,3,1,1826,1567,-69.0,-200.0,0,03:44:15.141263
2025-03-01 03:44:18.316725400+00:00,64,7,DTE Student,4,1,1826,1567,-69.0,-200.0,0,03:44:18.316725
2025-03-01 03:44:21.181992200+00:00,64,7,DTE Staff,2,11,1826,1567,-200.0,-87.0,0,03:44:21.181992
2025-03-01 03:44:24.253061600+00:00,64,7,DTE Staff,1,11,1826,1567,-200.0,-88.0,0,03:44:24.253061
2025-03-01 03:44:39.920229100+00:00,64,8,DTE Student,4,1,1826,1567,-69.0,-200.0,0,03:44:39.920229
2025-03-01 03:44:42.990342200+00:00,64,8,DTE Staff,3,1,1826,1567,-69.0,-200.0,0,03:44:42.990342
2025-03-01 03:44:45.957473500+00:00,64,8,DTE Staff,1,11,1826,1567,-200.0,-89.0,0,03:44:45.957473
2025-03-01 03:44:49.010083100+00:00,64,8,DTE Staff,2,11,1826,1567,-200.0,-89.0,0,03:44:49.010083
2025-03-01 03:45:05.223085700+00:00,64,9,DTE Staff,3,1,1826,1567,-69.0,-200.0,0,03:45:05.223085
2025-03-01 03:45:10.537158600+00:00,64,9,DTE Student,4,1,1826,1567,-69.0,-200.0,0,03:45:10.537158
2025-03-01 03:45:11.256456100+00:00,64,9,DTE Staff,2,11,1826,1567,-200.0,-87.0,0,03:45:11.256456
2025-03-01 03:45:14.336589600+00:00,64,9,DTE Staff,1,11,1826,1567,-200.0,-88.0,0,03:45:14.336589
2025-03-01 03:45:31.331758800+00:00,64,10,DTE Student,4,1,1826,1567,-69.0,-200.0,0,03:45:31.331758
2025-03-01 03:45:34.300178400+00:00,64,10,DTE Staff,3,1,1826,1567,-70.0,-200.0,0,03:45:34.300178
2025-03-01 03:45:37.367734400+00:00,64,10,DTE Staff,2,11,1826,1567,-200.0,-88.0,0,03:45:37.367734
2025-03-01 03:45:40.332804700+00:00,64,10,DTE Staff,1,11,1826,1567,-200.0,-89.0,0,03:45:40.332804
2025-03-01 03:45:56.630640600+00:00,64,11,DTE Staff,3,1,1826,1567,-69.0,-200.0,0,03:45:56.630640
2025-03-01 03:45:59.584014200+00:00,64,11,DTE Student,4,1,1826,1567,-69.0,-200.0,0,03:45:59.584014
2025-03-01 03:46:02.659838400+00:00,64,11,DTE Staff,2,11,1826,1567,-200.0,-88.0,0,03:46:02.659838
2025-03-01 03:46:05.601317300+00:00,64,11,DTE Staff,1,11,1826,1567,-200.0,-89.0,0,03:46:05.601317
2025-03-01 03:46:21.611144500+00:00,64,12,DTE Student,4,1,1826,1567,-68.0,-200.0,0,03:46:21.611144
2025-03-01 03:46:24.676115800+00:00,64,12,DTE Staff,3,1,1826,1567,-69.0,-200.0,0,03:46:24.676115
2025-03-01 03:46:27.645046500+00:00,64,12,DTE Staff,1,11,1826,1567,-200.0,-88.0,0,03:46:27.645046
2025-03-01 03:46:30.617298200+00:00,64,12,DTE Staff,2,11,1826,1567,-200.0,-88.0,0,03:46:30.617298
2025-03-01 03:46:47.204876500+00:00,64,13,DTE Student,4,1,1826,1567,-69.0,-200.0,0,03:46:47.204876
2025-03-01 03:46:50.190981400+00:00,64,13,DTE Staff,3,1,1826,1567,-69.0,-200.0,0,03:46:50.190981
2025-03-01 03:46:56.419846700+00:00,64,13,DTE Staff,1,11,1826,1567,-200.0,-87.0,0,03:46:56.419846
2025-03-01 03:46:56.626293500+00:00,64,13,DTE Staff,2,11,1826,1567,-200.0,-88.0,0,03:46:56.626293
2025-03-01 03:47:12.603059100+00:00,64,14,DTE Staff,3,1,1826,1567,-69.0,-200.0,0,03:47:12.603059
2025-03-01 03:47:15.572317900+00:00,64,14,DTE Student,4,1,1826,1567,-70.0,-200.0,0,03:47:15.572317
2025-03-01 03:47:18.540962700+00:00,64,14,DTE Staff,1,11,1826,1567,-200.0,-89.0,0,03:47:18.540962
2025-03-01 03:47:21.508803900+00:00,64,14,DTE Staff,2,11,1826,1567,-200.0,-89.0,0,03:47:21.508803
2025-03-01 03:47:38.507538500+00:00,64,15,DTE Staff,3,1,1826,1567,-69.0,-200.0,0,03:47:38.507538
2025-03-01 03:47:43.528258300+00:00,64,15,DTE Student,4,1,1826,1567,-69.0,-200.0,0,03:47:43.528258
2025-03-01 03:47:44.543430100+00:00,64,15,DTE Staff,2,11,1826,1567,-200.0,-89.0,0,03:47:44.543430
2025-03-01 03:47:47.519533300+00:00,64,15,DTE Staff,1,11,1826,1567,-200.0,-89.0,0,03:47:47.519533
2025-03-01 03:48:05.130892900+00:00,64,16,DTE Student,4,1,1826,1567,-68.0,-200.0,0,03:48:05.130892
2025-03-01 03:48:08.205974100+00:00,64,16,DTE Staff,3,1,1826,1567,-68.0,-200.0,0,03:48:08.205974
2025-03-01 03:48:11.174827200+00:00,64,16,DTE Staff,2,11,1826,1567,-200.0,-89.0,0,03:48:11.174827
2025-03-01 03:48:14.243904200+00:00,64,16,DTE Staff,1,11,1826,1567,-200.0,-90.0,0,03:48:14.243904
2025-03-01 03:48:30.019940700+00:00,64,17,DTE Staff,3,1,1826,1567,-69.0,-200.0,0,03:48:30.019940
2025-03-01 03:48:33.087156300+00:00,64,17,DTE Student,4,1,1826,1567,-69.0,-200.0,0,03:48:33.087156
2025-03-01 03:48:36.052918800+00:00,64,17,DTE Staff,2,11,1826,1567,-200.0,-88.0,0,03:48:36.052918
2025-03-01 03:48:40.771927600+00:00,64,17,DTE Staff,1,11,1826,1567,-200.0,-89.0,0,03:48:40.771927
2025-03-01 03:48:55.014288600+00:00,64,18,DTE Staff,3,1,1826,1567,-69.0,-200.0,0,03:48:55.014288
2025-03-01 03:48:57.972061100+00:00,64,18,DTE Student,4,1,1826,1567,-69.0,-200.0,0,03:48:57.972061
2025-03-01 03:49:01.042855300+00:00,64,18,DTE Staff,1,11,1826,1567,-200.0,-88.0,0,03:49:01.042855
2025-03-01 03:49:04.013007+00:00,64,18,DTE Staff,2,11,1826,1567,-200.0,-88.0,0,03:49:04.013007
2025-03-01 03:49:19.985082100+00:00,64,19,DTE Student,4,1,1826,1567,-68.0,-200.0,0,03:49:19.985082
2025-03-01 03:49:22.956842500+00:00,64,19,DTE Staff,3,1,1826,1567,-69.0,-200.0,0,03:49:22.956842
2025-03-01 03:49:26.029500200+00:00,64,19,DTE Staff,2,11,1826,1567,-200.0,-88.0,0,03:49:26.029500
2025-03-01 03:49:30.032272300+00:00,64,19,DTE Staff,1,11,1826,1567,-200.0,-89.0,0,03:49:30.032272
2025-03-01 03:49:44.970562100+00:00,64,20,DTE Student,4,1,1826,1567,-68.0,-200.0,0,03:49:44.970562
2025-03-01 03:49:48.045061700+00:00,64,20,DTE Staff,3,1,1826,1567,-70.0,-200.0,0,03:49:48.045061
2025-03-01 03:49:51.014898100+00:00,64,20,DTE Staff,1,11,1826,1567,-200.0,-87.0,0,03:49:51.014898
2025-03-01 03:49:53.990142+00:00,64,20,DTE Staff,2,11,1826,1567,-200.0,-89.0,0,03:49:53.990142
2025-03-01 04:50:30.299841200+00:00,88,1,DTE Staff,1,11,2454,469,-200.0,-39.0,0,04:50:30.299841
2025-03-01 04:50:35.470876800+00:00,88,1,DTE Staff,2,11,2454,469,-200.0,-40.0,0,04:50:35.470876
2025-03-01 04:50:36.176414700+00:00,88,1,DTE Student,4,1,2454,469,-81.0,-200.0,0,04:50:36.176414
2025-03-01 04:50:39.175844200+00:00,88,1,DTE Staff,3,1,2454,469,-82.0,-200.0,0,04:50:39.175844
2025-03-01 04:50:56.299109200+00:00,88,2,DTE Staff,2,11,2454,469,-200.0,-36.0,0,04:50:56.299109
2025-03-01 04:50:59.010555100+00:00,88,2,DTE Staff,1,11,2454,469,-200.0,-37.0,0,04:50:59.010555
2025-03-01 04:51:04.948332900+00:00,88,2,DTE Staff,3,1,2454,469,-85.0,-200.0,0,04:51:04.948332
2025-03-01 04:51:05.037176200+00:00,88,2,DTE Student,4,1,2454,469,-85.0,-200.0,0,04:51:05.037176
2025-03-01 04:51:35.554530200+00:00,88,3,DTE Staff,2,11,2454,469,-200.0,-37.0,0,04:51:35.554530
2025-03-01 04:51:35.606746900+00:00,88,3,DTE Staff,3,1,2454,469,-82.0,-200.0,0,04:51:35.606746
2025-03-01 04:51:35.606746900+00:00,88,3,DTE Staff,1,11,2454,469,-200.0,-41.0,0,04:51:35.606746
2025-03-01 04:51:37.448705300+00:00,88,3,DTE Student,4,1,2454,469,-83.0,-200.0,0,04:51:37.448705
2025-03-01 04:51:52.879858800+00:00,88,4,DTE Staff,2,11,2454,469,-200.0,-36.0,0,04:51:52.879858
2025-03-01 04:51:55.890924600+00:00,88,4,DTE Staff,1,11,2454,469,-200.0,-37.0,0,04:51:55.890924
2025-03-01 04:51:58.899069300+00:00,88,4,DTE Student,4,1,2454,469,-81.0,-200.0,0,04:51:58.899069
2025-03-01 04:52:01.916827800+00:00,88,4,DTE Staff,3,1,2454,469,-82.0,-200.0,0,04:52:01.916827
2025-03-01 04:52:17.305005400+00:00,88,5,DTE Staff,1,11,2454,469,-200.0,-40.0,0,04:52:17.305005
2025-03-01 04:52:20.317206700+00:00,88,5,DTE Staff,2,11,2454,469,-200.0,-43.0,0,04:52:20.317206
2025-03-01 04:52:23.323855200+00:00,88,5,DTE Student,4,1,2454,469,-82.0,-200.0,0,04:52:23.323855
2025-03-01 04:52:26.338484+00:00,88,5,DTE Staff,3,1,2454,469,-82.0,-200.0,0,04:52:26.338484
2025-03-01 04:52:41.929110200+00:00,88,6,DTE Staff,1,11,2454,469,-200.0,-39.0,0,04:52:41.929110
2025-03-01 04:52:44.938301200+00:00,88,6,DTE Staff,2,11,2454,469,-200.0,-42.0,0,04:52:44.938301
2025-03-01 04:52:47.951825500+00:00,88,6,DTE Staff,3,1,2454,469,-82.0,-200.0,0,04:52:47.951825
2025-03-01 04:52:50.972773200+00:00,88,6,DTE Student,4,1,2454,469,-83.0,-200.0,0,04:52:50.972773
2025-03-01 04:53:06.422615700+00:00,88,7,DTE Staff,2,11,2454,469,-200.0,-40.0,0,04:53:06.422615
2025-03-01 04:53:09.403173900+00:00,88,7,DTE Staff,1,11,2454,469,-200.0,-43.0,0,04:53:09.403173
2025-03-01 04:53:12.407130600+00:00,88,7,DTE Student,4,1,2454,469,-82.0,-200.0,0,04:53:12.407130
2025-03-01 04:53:15.418078200+00:00,88,7,DTE Staff,3,1,2454,469,-83.0,-200.0,0,04:53:15.418078
2025-03-01 04:53:31.076065600+00:00,88,8,DTE Staff,1,11,2454,469,-200.0,-40.0,0,04:53:31.076065
2025-03-01 04:53:34.084759500+00:00,88,8,DTE Staff,2,11,2454,469,-200.0,-42.0,0,04:53:34.084759
2025-03-01 04:53:37.098102300+00:00,88,8,DTE Student,4,1,2454,469,-82.0,-200.0,0,04:53:37.098102
2025-03-01 04:53:40.122293600+00:00,88,8,DTE Staff,3,1,2454,469,-84.0,-200.0,0,04:53:40.122293
2025-03-01 04:53:55.742834500+00:00,88,9,DTE Staff,2,11,2454,469,-200.0,-40.0,0,04:53:55.742834
2025-03-01 04:53:58.760667100+00:00,88,9,DTE Staff,1,11,2454,469,-200.0,-43.0,0,04:53:58.760667
2025-03-01 04:54:01.763807100+00:00,88,9,DTE Staff,3,1,2454,469,-83.0,-200.0,0,04:54:01.763807
2025-03-01 04:54:06.133133100+00:00,88,9,DTE Student,4,1,2454,469,-83.0,-200.0,0,04:54:06.133133
2025-03-01 04:54:22.109016500+00:00,88,10,DTE Staff,2,11,2454,469,-200.0,-39.0,0,04:54:22.109016
2025-03-01 04:54:25.108692300+00:00,88,10,DTE Staff,1,11,2454,469,-200.0,-42.0,0,04:54:25.108692
2025-03-01 04:54:28.117320700+00:00,88,10,DTE Staff,3,1,2454,469,-82.0,-200.0,0,04:54:28.117320
2025-03-01 04:54:31.135404200+00:00,88,10,DTE Student,4,1,2454,469,-83.0,-200.0,0,04:54:31.135404
2025-03-01 04:54:48.081283500+00:00,88,11,DTE Staff,2,11,2454,469,-200.0,-37.0,0,04:54:48.081283
2025-03-01 04:54:51.092134+00:00,88,11,DTE Staff,1,11,2454,469,-200.0,-40.0,0,04:54:51.092134
2025-03-01 04:54:54.122569900+00:00,88,11,DTE Staff,3,1,2454,469,-82.0,-200.0,0,04:54:54.122569
2025-03-01 04:54:57.128513200+00:00,88,11,DTE Student,4,1,2454,469,-82.0,-200.0,0,04:54:57.128513
2025-03-01 04:55:13.076266900+00:00,88,12,DTE Staff,1,11,2454,469,-200.0,-40.0,0,04:55:13.076266
2025-03-01 04:55:16.099931+00:00,88,12,DTE Staff,2,11,2454,469,-200.0,-42.0,0,04:55:16.099931
2025-03-01 04:55:19.105592400+00:00,88,12,DTE Staff,3,1,2454,469,-82.0,-200.0,0,04:55:19.105592
2025-03-01 04:55:22.119456700+00:00,88,12,DTE Student,4,1,2454,469,-82.0,-200.0,0,04:55:22.119456
2025-03-01 04:55:37.692352800+00:00,88,13,DTE Staff,2,11,2454,469,-200.0,-39.0,0,04:55:37.692352
2025-03-01 04:55:40.703338600+00:00,88,13,DTE Staff,1,11,2454,469,-200.0,-40.0,0,04:55:40.703338
2025-03-01 04:55:43.719352700+00:00,88,13,DTE Staff,3,1,2454,469,-82.0,-200.0,0,04:55:43.719352
2025-03-01 04:55:46.730431300+00:00,88,13,DTE Student,4,1,2454,469,-84.0,-200.0,0,04:55:46.730431
2025-03-01 04:56:12.522593900+00:00,88,14,DTE Staff,2,11,2454,469,-200.0,-44.0,0,04:56:12.522593
2025-03-01 04:56:15.531241500+00:00,88,14,DTE Staff,1,11,2454,469,-200.0,-44.0,0,04:56:15.531241
2025-03-01 04:56:18.537997+00:00,88,14,DTE Staff,3,1,2454,469,-82.0,-200.0,0,04:56:18.537997
2025-03-01 04:56:21.655329900+00:00,88,14,DTE Student,4,1,2454,469,-82.0,-200.0,0,04:56:21.655329
2025-03-01 04:56:38.916615+00:00,88,15,DTE Staff,2,11,2454,469,-200.0,-37.0,0,04:56:38.916615
2025-03-01 04:56:45.310623800+00:00,88,15,DTE Staff,1,11,2454,469,-200.0,-38.0,0,04:56:45.310623
2025-03-01 04:56:45.487741800+00:00,88,15,DTE Student,4,1,2454,469,-81.0,-200.0,0,04:56:45.487741
2025-03-01 04:56:47.930516700+00:00,88,15,DTE Staff,3,1,2454,469,-82.0,-200.0,0,04:56:47.930516
2025-03-01 04:57:04.529366600+00:00,88,16,DTE Staff,1,11,2454,469,-200.0,-43.0,0,04:57:04.529366
2025-03-01 04:57:07.549302300+00:00,88,16,DTE Staff,2,11,2454,469,-200.0,-47.0,0,04:57:07.549302
2025-03-01 04:57:10.558182200+00:00,88,16,DTE Staff,3,1,2454,469,-83.0,-200.0,0,04:57:10.558182
2025-03-01 04:57:13.566846300+00:00,88,16,DTE Student,4,1,2454,469,-84.0,-200.0,0,04:57:13.566846
2025-03-01 04:57:30.920405500+00:00,88,17,DTE Staff,1,11,2454,469,-200.0,-45.0,0,04:57:30.920405
2025-03-01 04:57:33.933059400+00:00,88,17,DTE Staff,2,11,2454,469,-200.0,-47.0,0,04:57:33.933059
2025-03-01 04:57:36.947089+00:00,88,17,DTE Staff,3,1,2454,469,-83.0,-200.0,0,04:57:36.947089
2025-03-01 04:57:39.949605500+00:00,88,17,DTE Student,4,1,2454,469,-84.0,-200.0,0,04:57:39.949605
2025-03-01 04:57:55.573325300+00:00,88,18,DTE Staff,1,11,2454,469,-200.0,-42.0,0,04:57:55.573325
2025-03-01 04:57:58.574922800+00:00,88,18,DTE Staff,2,11,2454,469,-200.0,-43.0,0,04:57:58.574922
2025-03-01 04:58:01.583025600+00:00,88,18,DTE Staff,3,1,2454,469,-82.0,-200.0,0,04:58:01.583025
2025-03-01 04:58:04.596868+00:00,88,18,DTE Student,4,1,2454,469,-83.0,-200.0,0,04:58:04.596868
2025-03-01 04:58:28.140414700+00:00,88,19,DTE Staff,1,11,2454,469,-200.0,-45.0,0,04:58:28.140414
2025-03-01 04:58:31.142500900+00:00,88,19,DTE Staff,2,11,2454,469,-200.0,-45.0,0,04:58:31.142500
2025-03-01 04:58:35.618345500+00:00,88,19,DTE Staff,3,1,2454,469,-83.0,-200.0,0,04:58:35.618345
2025-03-01 04:58:37.179627300+00:00,88,19,DTE Student,4,1,2454,469,-84.0,-200.0,0,04:58:37.179627
2025-03-01 04:58:52.997451900+00:00,88,20,DTE Staff,1,11,2454,469,-200.0,-39.0,0,04:58:52.997451
2025-03-01 04:58:55.993585900+00:00,88,20,DTE Staff,2,11,2454,469,-200.0,-41.0,0,04:58:55.993585
2025-03-01 04:59:01.458442700+00:00,88,20,DTE Student,4,1,2454,469,-84.0,-200.0,0,04:59:01.458442
2025-03-01 04:59:02.013456200+00:00,88,20,DTE Staff,3,1,2454,469,-85.0,-200.0,0,04:59:02.013456
2025-03-03 07:06:07.747235900+00:00,110,1,DTE Student,4,6,1120,838,-34.0,-200.0,0,07:06:07.747235
2025-03-03 07:06:10.720273900+00:00,110,1,DTE Staff,3,6,1120,838,-36.0,-200.0,0,07:06:10.720273
2025-03-03 07:06:27.072087800+00:00,110,2,DTE Student,4,6,1120,838,-36.0,-200.0,0,07:06:27.072087
2025-03-03 07:06:30.263506800+00:00,110,2,DTE Staff,3,6,1120,838,-37.0,-200.0,0,07:06:30.263506
2025-03-03 07:06:45.736714100+00:00,110,3,DTE Student,4,6,1120,838,-36.0,-200.0,0,07:06:45.736714
2025-03-03 07:06:48.725835500+00:00,110,3,DTE Staff,3,6,1120,838,-41.0,-200.0,0,07:06:48.725835
2025-03-03 07:07:25.477079300+00:00,110,5,DTE Staff,3,6,1120,838,-37.0,-200.0,0,07:07:25.477079
2025-03-03 07:07:28.830360600+00:00,110,5,DTE Student,4,6,1120,838,-41.0,-200.0,0,07:07:28.830360
2025-03-03 07:07:45.435686300+00:00,110,6,DTE Staff,3,6,1120,838,-37.0,-200.0,0,07:07:45.435686
2025-03-03 07:07:48.501919+00:00,110,6,DTE Student,4,6,1120,838,-40.0,-200.0,0,07:07:48.501919
2025-03-03 07:08:05.103288700+00:00,110,7,DTE Student,4,6,1120,838,-36.0,-200.0,0,07:08:05.103288
2025-03-03 07:08:08.070217200+00:00,110,7,DTE Staff,3,6,1120,838,-38.0,-200.0,0,07:08:08.070217
2025-03-03 07:08:25.577604300+00:00,110,8,DTE Student,4,6,1120,838,-38.0,-200.0,0,07:08:25.577604
2025-03-03 07:08:28.644698+00:00,110,8,DTE Staff,3,6,1120,838,-41.0,-200.0,0,07:08:28.644698
2025-03-03 07:08:47.179326100+00:00,110,9,DTE Staff,3,6,1120,838,-37.0,-200.0,0,07:08:47.179326
2025-03-03 07:08:50.051390700+00:00,110,9,DTE Student,4,6,1120,838,-38.0,-200.0,0,07:08:50.051390
2025-03-03 07:09:05.566587600+00:00,110,10,DTE Staff,3,6,1120,838,-36.0,-200.0,0,07:09:05.566587
2025-03-03 07:09:08.592554600+00:00,110,10,DTE Student,4,6,1120,838,-37.0,-200.0,0,07:09:08.592554
2025-03-03 07:09:24.758232700+00:00,110,11,DTE Staff,3,6,1120,838,-36.0,-200.0,0,07:09:24.758232
2025-03-03 07:09:27.833133200+00:00,110,11,DTE Student,4,6,1120,838,-37.0,-200.0,0,07:09:27.833133
2025-03-03 07:09:44.840987100+00:00,110,12,DTE Staff,3,6,1120,838,-35.0,-200.0,0,07:09:44.840987
2025-03-03 07:09:47.802190500+00:00,110,12,DTE Student,4,6,1120,838,-37.0,-200.0,0,07:09:47.802190
2025-03-03 07:10:05.733476600+00:00,110,13,DTE Staff,3,6,1120,838,-36.0,-200.0,0,07:10:05.733476
2025-03-03 07:10:08.919103600+00:00,110,13,DTE Student,4,6,1120,838,-38.0,-200.0,0,07:10:08.919103
2025-03-03 07:10:25.694698700+00:00,110,14,DTE Staff,3,6,1120,838,-38.0,-200.0,0,07:10:25.694698
2025-03-03 07:10:28.668682200+00:00,110,14,DTE Student,4,6,1120,838,-38.0,-200.0,0,07:10:28.668682
2025-03-03 07:10:49.613814300+00:00,110,15,DTE Student,4,6,1120,838,-37.0,-200.0,0,07:10:49.613814
2025-03-03 07:10:52.702474700+00:00,110,15,DTE Staff,3,6,1120,838,-40.0,-200.0,0,07:10:52.702474
2025-03-03 07:11:09.822877900+00:00,110,16,DTE Staff,3,6,1120,838,-37.0,-200.0,0,07:11:09.822877
2025-03-03 07:11:12.897747200+00:00,110,16,DTE Student,4,6,1120,838,-39.0,-200.0,0,07:11:12.897747
2025-03-03 07:11:29.385370800+00:00,110,17,DTE Student,4,6,1120,838,-36.0,-200.0,0,07:11:29.385370
2025-03-03 07:11:32.460287+00:00,110,17,DTE Staff,3,6,1120,838,-38.0,-200.0,0,07:11:32.460287
2025-03-03 07:11:48.022208800+00:00,110,18,DTE Staff,3,6,1120,838,-37.0,-200.0,0,07:11:48.022208
2025-03-03 07:11:51.092943800+00:00,110,18,DTE Student,4,6,1120,838,-40.0,-200.0,0,07:11:51.092943
2025-03-03 07:12:06.660509400+00:00,110,19,DTE Staff,3,6,1120,838,-39.0,-200.0,0,07:12:06.660509
2025-03-03 07:12:09.726244900+00:00,110,19,DTE Student,4,6,1120,838,-41.0,-200.0,0,07:12:09.726244
2025-03-03 07:12:26.322228200+00:00,110,20,DTE Student,4,6,1120,838,-38.0,-200.0,0,07:12:26.322228
2025-03-03 07:12:29.210889800+00:00,110,20,DTE Staff,3,6,1120,838,-41.0,-200.0,0,07:12:29.210889
2025-03-03 08:10:32.045900400+00:00,104,1,DTE Student,4,6,920,639,-59.0,-200.0,0,08:10:32.045900
2025-03-03 08:10:35.010718500+00:00,104,1,DTE Staff,3,6,920,639,-59.0,-200.0,0,08:10:35.010718
2025-03-03 08:10:51.703545300+00:00,104,2,DTE Student,4,6,920,639,-57.0,-200.0,0,08:10:51.703545
2025-03-03 08:10:54.766774500+00:00,104,2,DTE Staff,3,6,920,639,-58.0,-200.0,0,08:10:54.766774
2025-03-03 08:10:57.839361400+00:00,104,2,DTE Staff,1,11,920,639,-200.0,-95.0,0,08:10:57.839361
2025-03-03 08:11:13.742709300+00:00,104,3,DTE Staff,3,6,920,639,-58.0,-200.0,0,08:11:13.742709
2025-03-03 08:11:16.790324300+00:00,104,3,DTE Student,4,6,920,639,-58.0,-200.0,0,08:11:16.790324
2025-03-03 08:11:19.756670600+00:00,104,3,DTE Staff,1,11,920,639,-200.0,-93.0,0,08:11:19.756670
2025-03-03 08:11:22.828845600+00:00,104,3,DTE Staff,2,11,920,639,-200.0,-94.0,0,08:11:22.828845
2025-03-03 08:11:38.996723100+00:00,104,4,DTE Student,4,6,920,639,-58.0,-200.0,0,08:11:38.996723
2025-03-03 08:11:42.075541500+00:00,104,4,DTE Staff,3,6,920,639,-58.0,-200.0,0,08:11:42.075541
2025-03-03 08:11:45.045683700+00:00,104,4,DTE Staff,1,11,920,639,-200.0,-94.0,0,08:11:45.045683
2025-03-03 08:12:01.539062200+00:00,104,5,DTE Staff,3,6,920,639,-58.0,-200.0,0,08:12:01.539062
2025-03-03 08:12:04.606178900+00:00,104,5,DTE Student,4,6,920,639,-59.0,-200.0,0,08:12:04.606178
2025-03-03 08:12:20.704570800+00:00,104,6,DTE Staff,3,6,920,639,-57.0,-200.0,0,08:12:20.704570
2025-03-03 08:12:23.654211600+00:00,104,6,DTE Student,4,6,920,639,-59.0,-200.0,0,08:12:23.654211
2025-03-03 08:12:44.540735+00:00,104,7,DTE Staff,3,6,920,639,-58.0,-200.0,0,08:12:44.540735
2025-03-03 08:12:53.046526900+00:00,104,7,DTE Student,4,6,920,639,-59.0,-200.0,0,08:12:53.046526
2025-03-03 08:13:07.369838100+00:00,104,8,DTE Student,4,6,920,639,-59.0,-200.0,0,08:13:07.369838
2025-03-03 08:13:10.656801+00:00,104,8,DTE Staff,3,6,920,639,-59.0,-200.0,0,08:13:10.656801
2025-03-03 08:13:26.122881900+00:00,104,9,DTE Student,4,6,920,639,-59.0,-200.0,0,08:13:26.122881
2025-03-03 08:13:29.186720500+00:00,104,9,DTE Staff,3,6,920,639,-60.0,-200.0,0,08:13:29.186720
2025-03-03 08:13:32.167273200+00:00,104,9,DTE Staff,1,11,920,639,-200.0,-95.0,0,08:13:32.167273
2025-03-03 08:13:48.542177300+00:00,104,10,DTE Staff,3,6,920,639,-59.0,-200.0,0,08:13:48.542177
2025-03-03 08:13:51.411732500+00:00,104,10,DTE Student,4,6,920,639,-60.0,-200.0,0,08:13:51.411732
2025-03-03 08:14:10.267071700+00:00,104,11,DTE Student,4,6,920,639,-57.0,-200.0,0,08:14:10.267071
2025-03-03 08:14:13.326239400+00:00,104,11,DTE Staff,3,6,920,639,-58.0,-200.0,0,08:14:13.326239
2025-03-03 08:14:30.320586700+00:00,104,12,DTE Staff,3,6,920,639,-56.0,-200.0,0,08:14:30.320586
2025-03-03 08:14:33.498982200+00:00,104,12,DTE Student,4,6,920,639,-57.0,-200.0,0,08:14:33.498982
2025-03-03 08:14:36.382272800+00:00,104,12,DTE Staff,1,11,920,639,-200.0,-97.0,0,08:14:36.382272
2025-03-03 08:14:54.275656800+00:00,104,13,DTE Student,4,6,920,639,-56.0,-200.0,0,08:14:54.275656
2025-03-03 08:14:57.219908100+00:00,104,13,DTE Staff,3,6,920,639,-57.0,-200.0,0,08:14:57.219908
2025-03-03 08:15:15.998324500+00:00,104,14,DTE Student,4,6,920,639,-56.0,-200.0,0,08:15:15.998324
2025-03-03 08:15:19.267456900+00:00,104,14,DTE Staff,3,6,920,639,-57.0,-200.0,0,08:15:19.267456
2025-03-03 08:15:35.467025800+00:00,104,15,DTE Staff,3,6,920,639,-56.0,-200.0,0,08:15:35.467025
2025-03-03 08:15:38.268133100+00:00,104,15,DTE Student,4,6,920,639,-56.0,-200.0,0,08:15:38.268133
2025-03-03 08:15:55.518208600+00:00,104,16,DTE Student,4,6,920,639,-56.0,-200.0,0,08:15:55.518208
2025-03-03 08:15:58.692505+00:00,104,16,DTE Staff,3,6,920,639,-57.0,-200.0,0,08:15:58.692505
2025-03-03 08:16:01.586230400+00:00,104,16,DTE Staff,1,11,920,639,-200.0,-94.0,0,08:16:01.586230
2025-03-03 08:16:04.628321+00:00,104,16,DTE Staff,2,11,920,639,-200.0,-95.0,0,08:16:04.628321
2025-03-03 08:16:20.507354400+00:00,104,17,DTE Student,4,6,920,639,-57.0,-200.0,0,08:16:20.507354
2025-03-03 08:16:23.609629800+00:00,104,17,DTE Staff,3,6,920,639,-57.0,-200.0,0,08:16:23.609629
2025-03-03 08:16:26.543278700+00:00,104,17,DTE Staff,1,11,920,639,-200.0,-90.0,0,08:16:26.543278
2025-03-03 08:16:29.617681100+00:00,104,17,DTE Staff,2,11,920,639,-200.0,-93.0,0,08:16:29.617681
2025-03-03 08:16:46.104951400+00:00,104,18,DTE Staff,3,6,920,639,-56.0,-200.0,0,08:16:46.104951
2025-03-03 08:16:48.974687900+00:00,104,18,DTE Student,4,6,920,639,-57.0,-200.0,0,08:16:48.974687
2025-03-03 08:16:52.039870100+00:00,104,18,DTE Staff,1,11,920,639,-200.0,-94.0,0,08:16:52.039870
2025-03-03 08:17:07.607594300+00:00,104,19,DTE Staff,3,6,920,639,-56.0,-200.0,0,08:17:07.607594
2025-03-03 08:17:10.595447900+00:00,104,19,DTE Student,4,6,920,639,-56.0,-200.0,0,08:17:10.595447
2025-03-03 08:17:13.638446300+00:00,104,19,DTE Staff,1,11,920,639,-200.0,-93.0,0,08:17:13.638446
2025-03-03 08:17:31.586951500+00:00,104,20,DTE Staff,3,6,920,639,-59.0,-200.0,0,08:17:31.586951
2025-03-03 08:17:34.650488800+00:00,104,20,DTE Student,4,6,920,639,-59.0,-200.0,0,08:17:34.650488
2025-03-03 08:19:02.515040500+00:00,104,1,DTE Staff,3,6,920,639,-62.0,-200.0,0,08:19:02.515040
2025-03-03 08:19:05.470879300+00:00,104,1,DTE Student,4,6,920,639,-62.0,-200.0,0,08:19:05.470879
2025-03-03 08:19:08.468855900+00:00,104,1,DTE Staff,1,11,920,639,-200.0,-94.0,0,08:19:08.468855
2025-03-11 08:18:52.157292500+00:00,25,1,DTE Staff,3,6,529,1037,-57.0,-200.0,-1,08:18:52.157292
2025-03-11 08:18:55.148680500+00:00,25,1,DTE Student,4,6,529,1037,-57.0,-200.0,-1,08:18:55.148680
2025-03-11 08:18:58.182610500+00:00,25,1,DTE Staff,2,11,529,1037,-200.0,-94.0,-1,08:18:58.182610
2025-03-11 08:19:01.299630800+00:00,25,1,DTE Staff,1,11,529,1037,-200.0,-95.0,-1,08:19:01.299630
2025-03-11 08:19:17.350927400+00:00,25,2,DTE Staff,3,6,529,1037,-56.0,-200.0,-1,08:19:17.350927
2025-03-11 08:19:20.338530400+00:00,25,2,DTE Student,4,6,529,1037,-57.0,-200.0,-1,08:19:20.338530
2025-03-11 08:19:23.394546100+00:00,25,2,DTE Staff,1,11,529,1037,-200.0,-95.0,-1,08:19:23.394546
2025-03-11 08:19:26.556144100+00:00,25,2,DTE Staff,2,11,529,1037,-200.0,-96.0,-1,08:19:26.556144
2025-03-11 08:19:43.363813900+00:00,25,3,DTE Staff,3,6,529,1037,-57.0,-200.0,-1,08:19:43.363813
2025-03-11 08:19:46.333629500+00:00,25,3,DTE Student,4,6,529,1037,-57.0,-200.0,-1,08:19:46.333629
2025-03-11 08:19:49.405097300+00:00,25,3,DTE Staff,2,11,529,1037,-200.0,-94.0,-1,08:19:49.405097
2025-03-11 08:19:52.371741200+00:00,25,3,DTE Staff,1,11,529,1037,-200.0,-95.0,-1,08:19:52.371741
2025-03-11 08:20:08.151253100+00:00,25,4,DTE Staff,3,6,529,1037,-57.0,-200.0,-1,08:20:08.151253
2025-03-11 08:20:11.115707100+00:00,25,4,DTE Student,4,6,529,1037,-57.0,-200.0,-1,08:20:11.115707
2025-03-11 08:20:14.185417+00:00,25,4,DTE Staff,2,11,529,1037,-200.0,-93.0,-1,08:20:14.185417
2025-03-11 08:20:17.257859+00:00,25,4,DTE Staff,1,11,529,1037,-200.0,-95.0,-1,08:20:17.257859
2025-03-11 08:20:34.761917900+00:00,25,5,DTE Staff,3,6,529,1037,-57.0,-200.0,-1,08:20:34.761917
2025-03-11 08:20:37.533338800+00:00,25,5,DTE Student,4,6,529,1037,-58.0,-200.0,-1,08:20:37.533338
2025-03-11 08:20:40.707694+00:00,25,5,DTE Staff,2,11,529,1037,-200.0,-94.0,-1,08:20:40.707694
2025-03-11 08:20:57.502421200+00:00,25,6,DTE Staff,3,6,529,1037,-56.0,-200.0,-1,08:20:57.502421
2025-03-11 08:21:00.491438800+00:00,25,6,DTE Student,4,6,529,1037,-57.0,-200.0,-1,08:21:00.491438
2025-03-11 08:21:03.541386900+00:00,25,6,DTE Staff,1,11,529,1037,-200.0,-94.0,-1,08:21:03.541386
2025-03-11 08:21:06.736582+00:00,25,6,DTE Staff,2,11,529,1037,-200.0,-95.0,-1,08:21:06.736582
2025-03-11 08:21:22.793845100+00:00,25,7,DTE Student,4,6,529,1037,-57.0,-200.0,-1,08:21:22.793845
2025-03-11 08:21:25.769646300+00:00,25,7,DTE Staff,3,6,529,1037,-57.0,-200.0,-1,08:21:25.769646
2025-03-11 08:21:28.835974+00:00,25,7,DTE Staff,2,11,529,1037,-200.0,-94.0,-1,08:21:28.835974
2025-03-11 08:21:31.914056900+00:00,25,7,DTE Staff,1,11,529,1037,-200.0,-95.0,-1,08:21:31.914056
2025-03-11 08:21:52.593147700+00:00,25,8,DTE Student,4,6,529,1037,-55.0,-200.0,-1,08:21:52.593147
2025-03-11 08:21:55.355947900+00:00,25,8,DTE Staff,3,6,529,1037,-55.0,-200.0,-1,08:21:55.355947
2025-03-11 08:21:58.943504800+00:00,25,8,DTE Staff,1,11,529,1037,-200.0,-95.0,-1,08:21:58.943504
2025-03-11 08:22:01.300924200+00:00,25,8,DTE Staff,2,11,529,1037,-200.0,-95.0,-1,08:22:01.300924
2025-03-11 08:22:17.598104600+00:00,25,9,DTE Student,4,6,529,1037,-57.0,-200.0,-1,08:22:17.598104
2025-03-11 08:22:20.649491700+00:00,25,9,DTE Staff,3,6,529,1037,-57.0,-200.0,-1,08:22:20.649491
2025-03-11 08:22:23.722277800+00:00,25,9,DTE Staff,1,11,529,1037,-200.0,-90.0,-1,08:22:23.722277
2025-03-11 08:22:26.809166200+00:00,25,9,DTE Staff,2,11,529,1037,-200.0,-92.0,-1,08:22:26.809166
2025-03-11 08:22:44.000708500+00:00,25,10,DTE Student,4,6,529,1037,-57.0,-200.0,-1,08:22:44.000708
2025-03-11 08:22:46.961312800+00:00,25,10,DTE Staff,3,6,529,1037,-58.0,-200.0,-1,08:22:46.961312
2025-03-11 08:22:50.038847600+00:00,25,10,DTE Staff,1,11,529,1037,-200.0,-94.0,-1,08:22:50.038847
2025-03-11 08:22:53.008926300+00:00,25,10,DTE Staff,2,11,529,1037,-200.0,-95.0,-1,08:22:53.008926
2025-03-11 08:23:09.202841+00:00,25,11,DTE Staff,3,6,529,1037,-56.0,-200.0,-1,08:23:09.202841
2025-03-11 08:23:12.162156+00:00,25,11,DTE Student,4,6,529,1037,-56.0,-200.0,-1,08:23:12.162156
2025-03-11 08:23:15.132262900+00:00,25,11,DTE Staff,1,11,529,1037,-200.0,-93.0,-1,08:23:15.132262
2025-03-11 08:23:18.098300100+00:00,25,11,DTE Staff,2,11,529,1037,-200.0,-94.0,-1,08:23:18.098300
2025-03-11 08:23:34.689513500+00:00,25,12,DTE Staff,3,6,529,1037,-57.0,-200.0,-1,08:23:34.689513
2025-03-11 08:23:37.655910400+00:00,25,12,DTE Student,4,6,529,1037,-58.0,-200.0,-1,08:23:37.655910
2025-03-11 08:23:40.726377400+00:00,25,12,DTE Staff,2,11,529,1037,-200.0,-94.0,-1,08:23:40.726377
2025-03-11 08:23:43.810621200+00:00,25,12,DTE Staff,1,11,529,1037,-200.0,-95.0,-1,08:23:43.810621
2025-03-11 08:24:00.086279900+00:00,25,13,DTE Staff,3,6,529,1037,-56.0,-200.0,-1,08:24:00.086279
2025-03-11 08:24:03.048120900+00:00,25,13,DTE Student,4,6,529,1037,-57.0,-200.0,-1,08:24:03.048120
2025-03-11 08:24:06.119542100+00:00,25,13,DTE Staff,1,11,529,1037,-200.0,-95.0,-1,08:24:06.119542
2025-03-11 08:24:09.109559900+00:00,25,13,DTE Staff,2,11,529,1037,-200.0,-95.0,-1,08:24:09.109559
2025-03-11 08:24:25.577304100+00:00,25,14,DTE Student,4,6,529,1037,-57.0,-200.0,-1,08:24:25.577304
2025-03-11 08:24:28.548955500+00:00,25,14,DTE Staff,3,6,529,1037,-58.0,-200.0,-1,08:24:28.548955
2025-03-11 08:24:31.620789100+00:00,25,14,DTE Staff,2,11,529,1037,-200.0,-95.0,-1,08:24:31.620789
2025-03-11 08:24:34.604268700+00:00,25,14,DTE Staff,1,11,529,1037,-200.0,-95.0,-1,08:24:34.604268
2025-03-11 08:24:53.420442400+00:00,25,15,DTE Student,4,6,529,1037,-58.0,-200.0,-1,08:24:53.420442
2025-03-11 08:24:56.439454400+00:00,25,15,DTE Staff,3,6,529,1037,-59.0,-200.0,-1,08:24:56.439454
2025-03-11 08:24:59.473840700+00:00,25,15,DTE Staff,1,11,529,1037,-200.0,-97.0,-1,08:24:59.473840
2025-03-11 08:25:16.589736100+00:00,25,16,DTE Student,4,6,529,1037,-56.0,-200.0,-1,08:25:16.589736
2025-03-11 08:25:19.647332200+00:00,25,16,DTE Staff,3,6,529,1037,-57.0,-200.0,-1,08:25:19.647332
2025-03-11 08:25:22.643509700+00:00,25,16,DTE Staff,2,11,529,1037,-200.0,-93.0,-1,08:25:22.643509
2025-03-11 08:25:25.689242500+00:00,25,16,DTE Staff,1,11,529,1037,-200.0,-94.0,-1,08:25:25.689242
2025-03-11 08:25:42.074762+00:00,25,17,DTE Student,4,6,529,1037,-57.0,-200.0,-1,08:25:42.074762
2025-03-11 08:25:45.052775500+00:00,25,17,DTE Staff,3,6,529,1037,-58.0,-200.0,-1,08:25:45.052775
2025-03-11 08:25:48.021085200+00:00,25,17,DTE Staff,1,11,529,1037,-200.0,-93.0,-1,08:25:48.021085
2025-03-11 08:25:51.084201600+00:00,25,17,DTE Staff,2,11,529,1037,-200.0,-93.0,-1,08:25:51.084201
2025-03-11 08:26:07.058083500+00:00,25,18,DTE Staff,3,6,529,1037,-58.0,-200.0,-1,08:26:07.058083
2025-03-11 08:26:10.023276900+00:00,25,18,DTE Student,4,6,529,1037,-59.0,-200.0,-1,08:26:10.023276
2025-03-11 08:26:38.591961200+00:00,25,19,DTE Staff,3,6,529,1037,-57.0,-200.0,-1,08:26:38.591961
2025-03-11 08:26:41.592756900+00:00,25,19,DTE Student,4,6,529,1037,-57.0,-200.0,-1,08:26:41.592756
2025-03-11 08:26:44.641908+00:00,25,19,DTE Staff,1,11,529,1037,-200.0,-94.0,-1,08:26:44.641908
2025-03-11 08:26:47.605689400+00:00,25,19,DTE Staff,2,11,529,1037,-200.0,-95.0,-1,08:26:47.605689
2025-03-11 08:27:04.715581600+00:00,25,20,DTE Student,4,6,529,1037,-56.0,-200.0,-1,08:27:04.715581
2025-03-11 08:27:07.710451800+00:00,25,20,DTE Staff,3,6,529,1037,-57.0,-200.0,-1,08:27:07.710451
2025-03-11 08:27:10.757186300+00:00,25,20,DTE Staff,2,11,529,1037,-200.0,-93.0,-1,08:27:10.757186
2025-03-11 08:27:13.826618500+00:00,25,20,DTE Staff,1,11,529,1037,-200.0,-94.0,-1,08:27:13.826618
2025-03-12 02:59:54.305390400+00:00,50,1,DTE Staff,3,6,1341,1749,-71.0,-200.0,-1,02:59:54.305390
2025-03-12 02:59:57.269139500+00:00,50,1,DTE Student,4,6,1341,1749,-72.0,-200.0,-1,02:59:57.269139
2025-03-12 03:00:20.417806500+00:00,50,2,DTE Staff,3,6,1341,1749,-71.0,-200.0,-1,03:00:20.417806
2025-03-12 03:00:23.577332700+00:00,50,2,DTE Student,4,6,1341,1749,-73.0,-200.0,-1,03:00:23.577332
2025-03-12 03:00:41.635800500+00:00,50,3,DTE Student,4,6,1341,1749,-71.0,-200.0,-1,03:00:41.635800
2025-03-12 03:00:44.681198200+00:00,50,3,DTE Staff,3,6,1341,1749,-72.0,-200.0,-1,03:00:44.681198
2025-03-12 03:01:01.092543900+00:00,50,4,DTE Student,4,6,1341,1749,-68.0,-200.0,-1,03:01:01.092543
2025-03-12 03:01:03.931484500+00:00,50,4,DTE Staff,3,6,1341,1749,-68.0,-200.0,-1,03:01:03.931484
2025-03-12 03:01:23.713369200+00:00,50,5,DTE Staff,3,6,1341,1749,-66.0,-200.0,-1,03:01:23.713369
2025-03-12 03:01:26.565467800+00:00,50,5,DTE Student,4,6,1341,1749,-66.0,-200.0,-1,03:01:26.565467
2025-03-12 03:01:43.596738600+00:00,50,6,DTE Student,4,6,1341,1749,-64.0,-200.0,-1,03:01:43.596738
2025-03-12 03:01:46.639307600+00:00,50,6,DTE Staff,3,6,1341,1749,-66.0,-200.0,-1,03:01:46.639307
2025-03-12 03:02:02.633708100+00:00,50,7,DTE Staff,3,6,1341,1749,-67.0,-200.0,-1,03:02:02.633708
2025-03-12 03:02:05.801067700+00:00,50,7,DTE Student,4,6,1341,1749,-67.0,-200.0,-1,03:02:05.801067
2025-03-12 03:02:21.553461+00:00,50,8,DTE Student,4,6,1341,1749,-68.0,-200.0,-1,03:02:21.553461
2025-03-12 03:02:24.446670200+00:00,50,8,DTE Staff,3,6,1341,1749,-70.0,-200.0,-1,03:02:24.446670
2025-03-12 03:02:40.907353200+00:00,50,9,DTE Staff,3,6,1341,1749,-66.0,-200.0,-1,03:02:40.907353
2025-03-12 03:02:44.174949600+00:00,50,9,DTE Student,4,6,1341,1749,-67.0,-200.0,-1,03:02:44.174949
2025-03-12 03:03:00.370442900+00:00,50,10,DTE Staff,3,6,1341,1749,-73.0,-200.0,-1,03:03:00.370442
2025-03-12 03:03:03.016682900+00:00,50,10,DTE Student,4,6,1341,1749,-73.0,-200.0,-1,03:03:03.016682
2025-03-12 03:03:19.453930500+00:00,50,11,DTE Staff,3,6,1341,1749,-68.0,-200.0,-1,03:03:19.453930
2025-03-12 03:03:22.477985400+00:00,50,11,DTE Student,4,6,1341,1749,-69.0,-200.0,-1,03:03:22.477985
2025-03-12 03:03:38.494467700+00:00,50,12,DTE Staff,3,6,1341,1749,-70.0,-200.0,-1,03:03:38.494467
2025-03-12 03:03:41.421238200+00:00,50,12,DTE Student,4,6,1341,1749,-71.0,-200.0,-1,03:03:41.421238
2025-03-12 03:04:04.576664100+00:00,50,13,DTE Staff,3,6,1341,1749,-67.0,-200.0,-1,03:04:04.576664
2025-03-12 03:04:07.662384900+00:00,50,13,DTE Student,4,6,1341,1749,-68.0,-200.0,-1,03:04:07.662384
2025-03-12 03:04:23.612843400+00:00,50,14,DTE Staff,3,6,1341,1749,-72.0,-200.0,-1,03:04:23.612843
2025-03-12 03:04:26.672483300+00:00,50,14,DTE Student,4,6,1341,1749,-73.0,-200.0,-1,03:04:26.672483
2025-03-12 03:04:42.144294+00:00,50,15,DTE Staff,3,6,1341,1749,-67.0,-200.0,-1,03:04:42.144294
2025-03-12 03:04:45.019732900+00:00,50,15,DTE Student,4,6,1341,1749,-71.0,-200.0,-1,03:04:45.019732
2025-03-12 03:04:48.160195300+00:00,50,15,DTE Staff,1,11,1341,1749,-200.0,-94.0,-1,03:04:48.160195
2025-03-12 03:05:04.909946900+00:00,50,16,DTE Student,4,6,1341,1749,-64.0,-200.0,-1,03:05:04.909946
2025-03-12 03:05:07.846049400+00:00,50,16,DTE Staff,3,6,1341,1749,-65.0,-200.0,-1,03:05:07.846049
2025-03-12 03:05:23.224389600+00:00,50,17,DTE Student,4,6,1341,1749,-70.0,-200.0,-1,03:05:23.224389
2025-03-12 03:05:26.223275100+00:00,50,17,DTE Staff,3,6,1341,1749,-72.0,-200.0,-1,03:05:26.223275
2025-03-12 03:05:43.263447500+00:00,50,18,DTE Student,4,6,1341,1749,-71.0,-200.0,-1,03:05:43.263447
2025-03-12 03:05:46.243348100+00:00,50,18,DTE Staff,3,6,1341,1749,-73.0,-200.0,-1,03:05:46.243348
2025-03-12 03:06:02.631566+00:00,50,19,DTE Student,4,6,1341,1749,-65.0,-200.0,-1,03:06:02.631566
2025-03-12 03:06:05.705516900+00:00,50,19,DTE Staff,3,6,1341,1749,-66.0,-200.0,-1,03:06:05.705516
2025-03-12 03:06:22.675138300+00:00,50,20,DTE Student,4,6,1341,1749,-64.0,-200.0,-1,03:06:22.675138
2025-03-12 03:06:25.403218200+00:00,50,20,DTE Staff,3,6,1341,1749,-65.0,-200.0,-1,03:06:25.403218
2025-03-12 03:08:25.217075900+00:00,50,1,DTE Staff,3,6,1341,1749,-61.0,-200.0,-1,03:08:25.217075
2025-03-12 03:08:28.334349+00:00,50,1,DTE Student,4,6,1341,1749,-61.0,-200.0,-1,03:08:28.334349
2025-03-12 04:30:29.790736200+00:00,110,1,DTE Staff,3,6,1120,838,-55.0,-200.0,0,04:30:29.790736
2025-03-12 04:30:32.787450200+00:00,110,1,DTE Student,4,6,1120,838,-55.0,-200.0,0,04:30:32.787450
2025-03-12 04:30:49.564014+00:00,110,2,DTE Staff,3,6,1120,838,-51.0,-200.0,0,04:30:49.564014
2025-03-12 04:30:52.644956900+00:00,110,2,DTE Student,4,6,1120,838,-54.0,-200.0,0,04:30:52.644956
2025-03-12 04:31:09.458864800+00:00,110,3,DTE Staff,3,6,1120,838,-50.0,-200.0,0,04:31:09.458864
2025-03-12 04:31:12.408697500+00:00,110,3,DTE Student,4,6,1120,838,-50.0,-200.0,0,04:31:12.408697
2025-03-12 04:31:15.367786600+00:00,110,3,DTE Staff,2,11,1120,838,-200.0,-91.0,0,04:31:15.367786
2025-03-12 04:31:31.256928800+00:00,110,4,DTE Student,4,6,1120,838,-51.0,-200.0,0,04:31:31.256928
2025-03-12 04:31:34.222599800+00:00,110,4,DTE Staff,3,6,1120,838,-51.0,-200.0,0,04:31:34.222599
2025-03-12 04:31:50.414763+00:00,110,5,DTE Student,4,6,1120,838,-51.0,-200.0,0,04:31:50.414763
2025-03-12 04:31:53.772733200+00:00,110,5,DTE Staff,3,6,1120,838,-53.0,-200.0,0,04:31:53.772733
2025-03-12 04:32:09.256732300+00:00,110,6,DTE Student,4,6,1120,838,-50.0,-200.0,0,04:32:09.256732
2025-03-12 04:32:14.614193200+00:00,110,6,DTE Staff,3,6,1120,838,-51.0,-200.0,0,04:32:14.614193
2025-03-12 04:32:28.909041600+00:00,110,7,DTE Staff,3,6,1120,838,-50.0,-200.0,0,04:32:28.909041
2025-03-12 04:32:31.682101500+00:00,110,7,DTE Student,4,6,1120,838,-51.0,-200.0,0,04:32:31.682101
2025-03-12 04:32:34.624759600+00:00,110,7,DTE Staff,2,11,1120,838,-200.0,-91.0,0,04:32:34.624759
2025-03-12 04:32:51.038870800+00:00,110,8,DTE Staff,3,6,1120,838,-51.0,-200.0,0,04:32:51.038870
2025-03-12 04:32:54.056645700+00:00,110,8,DTE Student,4,6,1120,838,-53.0,-200.0,0,04:32:54.056645
2025-03-12 04:33:10.523400400+00:00,110,9,DTE Staff,3,6,1120,838,-50.0,-200.0,0,04:33:10.523400
2025-03-12 04:33:13.733840200+00:00,110,9,DTE Student,4,6,1120,838,-51.0,-200.0,0,04:33:13.733840
2025-03-12 04:33:29.720013800+00:00,110,10,DTE Staff,3,6,1120,838,-51.0,-200.0,0,04:33:29.720013
2025-03-12 04:33:33.014972800+00:00,110,10,DTE Student,4,6,1120,838,-51.0,-200.0,0,04:33:33.014972
2025-03-12 04:33:50.213534800+00:00,110,11,DTE Student,4,6,1120,838,-51.0,-200.0,0,04:33:50.213534
2025-03-12 04:33:54.316702200+00:00,110,11,DTE Staff,3,6,1120,838,-51.0,-200.0,0,04:33:54.316702
2025-03-12 04:34:11.117179200+00:00,110,12,DTE Staff,3,6,1120,838,-51.0,-200.0,0,04:34:11.117179
2025-03-12 04:34:14.470380900+00:00,110,12,DTE Student,4,6,1120,838,-51.0,-200.0,0,04:34:14.470380
2025-03-12 04:34:17.040658600+00:00,110,12,DTE Staff,2,11,1120,838,-200.0,-92.0,0,04:34:17.040658
2025-03-12 04:34:33.658430100+00:00,110,13,DTE Student,4,6,1120,838,-51.0,-200.0,0,04:34:33.658430
2025-03-12 04:34:36.644067900+00:00,110,13,DTE Staff,3,6,1120,838,-51.0,-200.0,0,04:34:36.644067
2025-03-12 04:34:56.464847300+00:00,110,14,DTE Staff,3,6,1120,838,-51.0,-200.0,0,04:34:56.464847
2025-03-12 04:34:59.554809700+00:00,110,14,DTE Student,4,6,1120,838,-51.0,-200.0,0,04:34:59.554809
2025-03-12 04:35:15.712632500+00:00,110,15,DTE Staff,3,6,1120,838,-51.0,-200.0,0,04:35:15.712632
2025-03-12 04:35:18.990536800+00:00,110,15,DTE Student,4,6,1120,838,-53.0,-200.0,0,04:35:18.990536
2025-03-12 04:35:21.526802900+00:00,110,15,DTE Staff,2,11,1120,838,-200.0,-91.0,0,04:35:21.526802
2025-03-12 04:35:24.611573800+00:00,110,15,DTE Staff,1,11,1120,838,-200.0,-91.0,0,04:35:24.611573
2025-03-12 04:35:43.119192700+00:00,110,16,DTE Student,4,6,1120,838,-53.0,-200.0,0,04:35:43.119192
2025-03-12 04:35:45.974909+00:00,110,16,DTE Staff,3,6,1120,838,-54.0,-200.0,0,04:35:45.974909
2025-03-12 04:36:02.818600200+00:00,110,17,DTE Staff,3,6,1120,838,-51.0,-200.0,0,04:36:02.818600
2025-03-12 04:36:05.793523200+00:00,110,17,DTE Student,4,6,1120,838,-53.0,-200.0,0,04:36:05.793523
2025-03-12 04:36:21.652840400+00:00,110,18,DTE Staff,3,6,1120,838,-50.0,-200.0,0,04:36:21.652840
2025-03-12 04:36:24.744143900+00:00,110,18,DTE Student,4,6,1120,838,-52.0,-200.0,0,04:36:24.744143
2025-03-12 04:36:42.532524+00:00,110,19,DTE Student,4,6,1120,838,-51.0,-200.0,0,04:36:42.532524
2025-03-12 04:36:46.028793+00:00,110,19,DTE Staff,3,6,1120,838,-51.0,-200.0,0,04:36:46.028793
2025-03-12 04:36:48.482396500+00:00,110,19,DTE Staff,2,11,1120,838,-200.0,-89.0,0,04:36:48.482396
2025-03-12 04:37:04.894471100+00:00,110,20,DTE Staff,3,6,1120,838,-50.0,-200.0,0,04:37:04.894471
2025-03-12 04:37:07.852858+00:00,110,20,DTE Student,4,6,1120,838,-50.0,-200.0,0,04:37:07.852858
